datetime,P1,P2,P3,P4,P5,P6
2021-03-19 00:00:42,0.02,0.107,21.0,170.0,283.0,0.513
2021-03-19 00:01:43,0.02,0.107,21.0,170.0,283.0,0.512
2021-03-19 00:02:43,0.02,0.107,21.0,170.0,282.0,0.512
2021-03-19 00:03:44,0.02,0.107,21.0,170.0,283.0,0.513
2021-03-19 00:04:44,0.02,0.107,21.0,170.0,282.0,0.513
2021-03-19 00:05:44,0.02,0.107,21.0,170.0,282.0,0.513
2021-03-19 00:06:45,0.02,0.107,21.0,170.0,282.0,0.513
2021-03-19 00:07:45,0.02,0.107,21.0,170.0,282.0,0.513
2021-03-19 00:08:46,0.02,0.107,21.0,170.0,282.0,0.513
2021-03-19 00:09:46,0.02,0.107,21.0,169.0,282.0,0.513
2021-03-19 00:10:46,0.02,0.107,21.0,170.0,282.0,0.513
2021-03-19 00:11:47,0.02,0.107,21.0,170.0,282.0,0.514
2021-03-19 00:12:47,0.02,0.10800000000000001,21.0,170.0,282.0,0.514
2021-03-19 00:13:48,0.02,0.10800000000000001,21.0,170.0,281.0,0.514
2021-03-19 00:14:48,0.02,0.10800000000000001,21.0,170.0,281.0,0.515
2021-03-19 00:15:48,0.02,0.10800000000000001,21.0,170.0,282.0,0.514
2021-03-19 00:16:49,0.02,0.10800000000000001,21.0,170.0,281.0,0.515
2021-03-19 00:17:49,0.02,0.10800000000000001,21.0,170.0,281.0,0.515
2021-03-19 00:18:50,0.02,0.10800000000000001,21.0,170.0,281.0,0.514
2021-03-19 00:19:50,0.02,0.10800000000000001,21.0,170.0,281.0,0.514
2021-03-19 00:20:51,0.02,0.10800000000000001,21.0,170.0,281.0,0.515
2021-03-19 00:21:51,0.02,0.10800000000000001,21.0,170.0,281.0,0.515
2021-03-19 00:22:51,0.02,0.10800000000000001,21.0,170.0,280.0,0.515
2021-03-19 00:23:52,0.02,0.10800000000000001,21.0,170.0,280.0,0.515
2021-03-19 00:24:52,0.02,0.10800000000000001,21.0,170.0,280.0,0.516
2021-03-19 00:25:53,0.02,0.10800000000000001,21.0,170.0,280.0,0.516
2021-03-19 00:26:53,0.02,0.10800000000000001,21.0,170.0,280.0,0.516
2021-03-19 00:27:54,0.02,0.10800000000000001,21.0,170.0,280.0,0.516
2021-03-19 00:28:54,0.02,0.10800000000000001,21.0,170.0,280.0,0.516
2021-03-19 00:29:55,0.02,0.10800000000000001,21.0,170.0,280.0,0.516
2021-03-19 00:30:55,0.02,0.10800000000000001,21.0,170.0,280.0,0.516
2021-03-19 00:31:56,0.02,0.10800000000000001,21.0,170.0,280.0,0.516
2021-03-19 00:32:56,0.02,0.10800000000000001,21.0,170.0,280.0,0.516
2021-03-19 00:33:57,0.02,0.10800000000000001,21.0,170.0,280.0,0.516
2021-03-19 00:34:57,0.02,0.10800000000000001,21.0,170.0,280.0,0.517
2021-03-19 00:35:57,0.02,0.10800000000000001,21.0,170.0,279.0,0.517
2021-03-19 00:36:58,0.02,0.10800000000000001,21.0,170.0,280.0,0.516
2021-03-19 00:37:58,0.02,0.10800000000000001,21.0,170.0,279.0,0.517
2021-03-19 00:38:59,0.02,0.10800000000000001,21.0,170.0,279.0,0.518
2021-03-19 00:39:59,0.02,0.10800000000000001,21.0,170.0,279.0,0.517
2021-03-19 00:40:59,0.02,0.10800000000000001,21.0,170.0,279.0,0.517
2021-03-19 00:42:00,0.02,0.10800000000000001,21.0,170.0,279.0,0.517
2021-03-19 00:43:00,0.02,0.10800000000000001,21.0,170.0,279.0,0.517
2021-03-19 00:44:01,0.02,0.10800000000000001,21.0,170.0,279.0,0.518
2021-03-19 00:45:01,0.02,0.10800000000000001,21.0,170.0,278.0,0.517
2021-03-19 00:46:02,0.02,0.10800000000000001,21.0,170.0,278.0,0.517
2021-03-19 00:47:02,0.02,0.10800000000000001,21.0,170.0,278.0,0.519
2021-03-19 00:48:03,0.02,0.10800000000000001,21.0,170.0,278.0,0.518
2021-03-19 00:49:03,0.02,0.10800000000000001,21.0,170.0,278.0,0.518
2021-03-19 00:50:03,0.02,0.10800000000000001,21.0,170.0,278.0,0.518
2021-03-19 00:51:04,0.02,0.10800000000000001,21.0,170.0,278.0,0.519
2021-03-19 00:52:04,0.02,0.10800000000000001,21.0,170.0,278.0,0.519
2021-03-19 00:53:05,0.02,0.10800000000000001,21.0,170.0,278.0,0.518
2021-03-19 00:54:05,0.02,0.10800000000000001,21.0,170.0,278.0,0.519
2021-03-19 00:55:06,0.02,0.10800000000000001,21.0,170.0,278.0,0.519
2021-03-19 00:56:06,0.02,0.10800000000000001,21.0,170.0,278.0,0.519
2021-03-19 00:57:06,0.02,0.10800000000000001,21.0,170.0,278.0,0.52
2021-03-19 00:58:07,0.02,0.10800000000000001,21.0,170.0,277.0,0.519
2021-03-19 00:59:07,0.02,0.10800000000000001,21.0,170.0,277.0,0.52
2021-03-19 01:00:08,0.02,0.10800000000000001,21.0,170.0,277.0,0.52
2021-03-19 01:01:08,0.02,0.10800000000000001,21.0,170.0,277.0,0.52
2021-03-19 01:02:09,0.02,0.10800000000000001,21.0,170.0,277.0,0.52
2021-03-19 01:03:09,0.02,0.10800000000000001,21.0,170.0,277.0,0.52
2021-03-19 01:04:10,0.02,0.10800000000000001,21.0,170.0,277.0,0.52
2021-03-19 01:05:10,0.02,0.10800000000000001,21.0,170.0,277.0,0.52
2021-03-19 01:06:11,0.02,0.10800000000000001,21.0,170.0,277.0,0.52
2021-03-19 01:07:11,0.02,0.10800000000000001,21.0,170.0,276.0,0.52
2021-03-19 01:08:12,0.02,0.10800000000000001,21.0,170.0,277.0,0.521
2021-03-19 01:09:12,0.02,0.10800000000000001,21.0,170.0,276.0,0.52
2021-03-19 01:10:12,0.02,0.10800000000000001,21.0,170.0,276.0,0.521
2021-03-19 01:11:13,0.02,0.10800000000000001,21.0,170.0,276.0,0.522
2021-03-19 01:12:13,0.02,0.10800000000000001,21.0,170.0,276.0,0.522
2021-03-19 01:13:14,0.02,0.10800000000000001,21.0,170.0,276.0,0.522
2021-03-19 01:14:14,0.02,0.10800000000000001,21.0,170.0,276.0,0.522
2021-03-19 01:15:15,0.02,0.10800000000000001,21.0,170.0,276.0,0.521
2021-03-19 01:16:15,0.02,0.10800000000000001,21.0,170.0,276.0,0.521
2021-03-19 01:17:15,0.02,0.10800000000000001,21.0,170.0,276.0,0.522
2021-03-19 01:18:16,0.02,0.10800000000000001,21.0,170.0,275.0,0.522
2021-03-19 01:19:16,0.02,0.10800000000000001,21.0,170.0,276.0,0.522
2021-03-19 01:20:17,0.02,0.10800000000000001,21.0,170.0,275.0,0.522
2021-03-19 01:21:17,0.02,0.10800000000000001,21.0,170.0,275.0,0.522
2021-03-19 01:22:18,0.02,0.10800000000000001,21.0,170.0,275.0,0.522
2021-03-19 01:23:18,0.02,0.10800000000000001,21.0,170.0,275.0,0.522
2021-03-19 01:24:19,0.02,0.10800000000000001,21.0,170.0,275.0,0.522
2021-03-19 01:25:19,0.02,0.10800000000000001,21.0,170.0,275.0,0.522
2021-03-19 01:26:19,0.02,0.10800000000000001,21.0,170.0,275.0,0.523
2021-03-19 01:27:20,0.02,0.10800000000000001,21.0,170.0,274.0,0.523
2021-03-19 01:28:20,0.02,0.10800000000000001,21.0,170.0,275.0,0.523
2021-03-19 01:29:21,0.02,0.10800000000000001,21.0,170.0,275.0,0.523
2021-03-19 01:30:21,0.02,0.10800000000000001,21.0,170.0,274.0,0.523
2021-03-19 01:31:22,0.02,0.10800000000000001,21.0,170.0,274.0,0.523
2021-03-19 01:32:22,0.02,0.10800000000000001,21.0,170.0,274.0,0.524
2021-03-19 01:33:23,0.02,0.10800000000000001,21.0,170.0,274.0,0.524
2021-03-19 01:34:23,0.02,0.10800000000000001,21.0,170.0,274.0,0.524
2021-03-19 01:35:24,0.02,0.10800000000000001,21.0,170.0,274.0,0.524
2021-03-19 01:36:24,0.02,0.10800000000000001,21.0,170.0,274.0,0.524
2021-03-19 01:37:24,0.02,0.10800000000000001,21.0,170.0,274.0,0.524
2021-03-19 01:38:25,0.02,0.10800000000000001,21.0,170.0,274.0,0.523
2021-03-19 01:39:25,0.02,0.10800000000000001,21.0,170.0,273.0,0.524
2021-03-19 01:40:26,0.02,0.10800000000000001,21.0,170.0,274.0,0.524
2021-03-19 01:41:26,0.02,0.10800000000000001,21.0,170.0,274.0,0.525
2021-03-19 01:42:27,0.02,0.10800000000000001,21.0,170.0,273.0,0.525
2021-03-19 01:43:27,0.02,0.10800000000000001,21.0,170.0,273.0,0.525
2021-03-19 01:44:27,0.02,0.10800000000000001,21.0,170.0,273.0,0.526
2021-03-19 01:45:28,0.02,0.10800000000000001,21.0,170.0,273.0,0.525
2021-03-19 01:46:28,0.02,0.10800000000000001,21.0,170.0,273.0,0.525
2021-03-19 01:47:29,0.02,0.10800000000000001,21.0,170.0,273.0,0.526
2021-03-19 01:48:29,0.02,0.10800000000000001,21.0,170.0,273.0,0.525
2021-03-19 01:49:29,0.02,0.10800000000000001,21.0,170.0,273.0,0.526
2021-03-19 01:50:30,0.02,0.10800000000000001,21.0,170.0,272.0,0.526
2021-03-19 01:51:30,0.02,0.10800000000000001,21.0,170.0,272.0,0.525
2021-03-19 01:52:31,0.02,0.10800000000000001,21.0,170.0,273.0,0.525
2021-03-19 01:53:31,0.02,0.10800000000000001,21.0,170.0,272.0,0.526
2021-03-19 01:54:31,0.02,0.10800000000000001,21.0,170.0,272.0,0.526
2021-03-19 01:55:32,0.02,0.10800000000000001,21.0,170.0,272.0,0.527
2021-03-19 01:56:32,0.02,0.10800000000000001,21.0,170.0,272.0,0.527
2021-03-19 01:57:32,0.02,0.10800000000000001,21.0,170.0,272.0,0.527
2021-03-19 01:58:33,0.02,0.10800000000000001,21.0,170.0,272.0,0.527
2021-03-19 01:59:33,0.02,0.10800000000000001,21.0,170.0,272.0,0.527
2021-03-19 02:00:34,0.02,0.10800000000000001,21.0,170.0,272.0,0.528
2021-03-19 02:01:34,0.02,0.10800000000000001,21.0,170.0,271.0,0.528
2021-03-19 02:02:35,0.02,0.10800000000000001,21.0,170.0,272.0,0.527
2021-03-19 02:03:35,0.02,0.10800000000000001,21.0,170.0,271.0,0.527
2021-03-19 02:04:36,0.02,0.10800000000000001,21.0,170.0,271.0,0.528
2021-03-19 02:05:36,0.02,0.10800000000000001,21.0,170.0,271.0,0.528
2021-03-19 02:06:37,0.02,0.10800000000000001,21.0,170.0,271.0,0.528
2021-03-19 02:07:37,0.02,0.10800000000000001,21.0,170.0,271.0,0.529
2021-03-19 02:08:37,0.02,0.10800000000000001,21.0,170.0,271.0,0.529
2021-03-19 02:09:38,0.02,0.10800000000000001,21.0,170.0,271.0,0.529
2021-03-19 02:10:38,0.02,0.10800000000000001,21.0,170.0,271.0,0.529
2021-03-19 02:11:39,0.02,0.10800000000000001,21.0,170.0,271.0,0.529
2021-03-19 02:12:39,0.02,0.10800000000000001,21.0,170.0,270.0,0.529
2021-03-19 02:13:40,0.02,0.10800000000000001,21.0,170.0,270.0,0.529
2021-03-19 02:14:40,0.02,0.10800000000000001,21.0,170.0,271.0,0.528
2021-03-19 02:15:41,0.02,0.10800000000000001,21.0,170.0,270.0,0.529
2021-03-19 02:16:41,0.02,0.109,21.0,170.0,270.0,0.529
2021-03-19 02:17:41,0.02,0.10800000000000001,21.0,170.0,270.0,0.53
2021-03-19 02:18:42,0.02,0.10800000000000001,21.0,170.0,270.0,0.529
2021-03-19 02:19:42,0.02,0.10800000000000001,21.0,170.0,270.0,0.53
2021-03-19 02:20:43,0.02,0.109,21.0,170.0,270.0,0.531
2021-03-19 02:21:43,0.02,0.10800000000000001,21.0,170.0,270.0,0.531
2021-03-19 02:22:44,0.02,0.10800000000000001,21.0,170.0,270.0,0.531
2021-03-19 02:23:44,0.02,0.109,21.0,170.0,270.0,0.531
2021-03-19 02:24:44,0.02,0.109,21.0,170.0,270.0,0.531
2021-03-19 02:25:45,0.02,0.109,21.0,170.0,270.0,0.531
2021-03-19 02:26:45,0.02,0.109,21.0,170.0,269.0,0.53
2021-03-19 02:27:46,0.02,0.109,21.0,170.0,269.0,0.531
2021-03-19 02:28:46,0.02,0.109,21.0,170.0,270.0,0.531
2021-03-19 02:29:47,0.02,0.109,21.0,170.0,269.0,0.531
2021-03-19 02:30:47,0.02,0.109,21.0,170.0,269.0,0.531
2021-03-19 02:31:47,0.02,0.109,21.0,170.0,269.0,0.531
2021-03-19 02:32:48,0.02,0.109,21.0,170.0,269.0,0.531
2021-03-19 02:33:48,0.02,0.109,21.0,170.0,269.0,0.532
2021-03-19 02:34:49,0.02,0.109,21.0,170.0,269.0,0.532
2021-03-19 02:35:49,0.02,0.109,21.0,170.0,269.0,0.531
2021-03-19 02:36:49,0.02,0.109,21.0,170.0,269.0,0.532
2021-03-19 02:37:50,0.02,0.109,21.0,170.0,269.0,0.532
2021-03-19 02:38:51,0.02,0.109,21.0,170.0,269.0,0.532
2021-03-19 02:39:51,0.02,0.109,21.0,170.0,268.0,0.532
2021-03-19 02:40:52,0.02,0.109,21.0,170.0,269.0,0.532
2021-03-19 02:41:52,0.02,0.109,21.0,170.0,268.0,0.5329999999999999
2021-03-19 02:42:53,0.02,0.109,21.0,170.0,268.0,0.5329999999999999
2021-03-19 02:43:53,0.02,0.109,21.0,170.0,268.0,0.5329999999999999
2021-03-19 02:44:53,0.02,0.109,21.0,170.0,268.0,0.5329999999999999
2021-03-19 02:45:54,0.02,0.109,21.0,170.0,268.0,0.5329999999999999
2021-03-19 02:46:54,0.02,0.109,21.0,170.0,268.0,0.5329999999999999
2021-03-19 02:47:55,0.02,0.109,21.0,170.0,268.0,0.5329999999999999
2021-03-19 02:48:55,0.02,0.109,21.0,170.0,268.0,0.5329999999999999
2021-03-19 02:49:56,0.02,0.109,21.0,170.0,268.0,0.5329999999999999
2021-03-19 02:50:56,0.02,0.109,21.0,170.0,268.0,0.5329999999999999
2021-03-19 02:51:57,0.02,0.109,21.0,170.0,267.0,0.5329999999999999
2021-03-19 02:52:57,0.02,0.109,21.0,170.0,268.0,0.534
2021-03-19 02:53:58,0.02,0.109,21.0,170.0,268.0,0.534
2021-03-19 02:54:58,0.02,0.109,20.0,170.0,267.0,0.534
2021-03-19 02:55:59,0.02,0.109,20.0,170.0,267.0,0.535
2021-03-19 02:56:59,0.02,0.109,21.0,170.0,267.0,0.534
2021-03-19 02:58:00,0.02,0.109,21.0,170.0,267.0,0.534
2021-03-19 02:59:00,0.02,0.109,21.0,170.0,267.0,0.534
2021-03-19 03:00:01,0.02,0.109,21.0,170.0,267.0,0.534
2021-03-19 03:01:01,0.02,0.109,21.0,170.0,267.0,0.534
2021-03-19 03:02:02,0.02,0.109,21.0,170.0,267.0,0.534
2021-03-19 03:03:02,0.02,0.109,21.0,170.0,266.0,0.534
2021-03-19 03:04:03,0.02,0.109,21.0,170.0,267.0,0.536
2021-03-19 03:05:03,0.02,0.109,21.0,170.0,267.0,0.536
2021-03-19 03:06:03,0.02,0.109,21.0,170.0,267.0,0.536
2021-03-19 03:07:04,0.02,0.109,21.0,170.0,266.0,0.536
2021-03-19 03:08:04,0.02,0.109,21.0,170.0,266.0,0.536
2021-03-19 03:09:05,0.02,0.109,20.0,170.0,266.0,0.536
2021-03-19 03:10:05,0.02,0.109,21.0,170.0,266.0,0.536
2021-03-19 03:11:06,0.02,0.109,20.0,170.0,266.0,0.535
2021-03-19 03:12:06,0.02,0.109,21.0,170.0,266.0,0.536
2021-03-19 03:13:07,0.02,0.109,20.0,170.0,266.0,0.536
2021-03-19 03:14:07,0.02,0.109,21.0,170.0,266.0,0.536
2021-03-19 03:15:08,0.02,0.109,21.0,170.0,266.0,0.536
2021-03-19 03:16:08,0.02,0.109,21.0,170.0,266.0,0.536
2021-03-19 03:17:09,0.02,0.109,21.0,170.0,266.0,0.537
2021-03-19 03:18:09,0.02,0.109,20.0,170.0,266.0,0.536
2021-03-19 03:19:10,0.02,0.109,20.0,170.0,266.0,0.536
2021-03-19 03:20:10,0.02,0.109,20.0,170.0,265.0,0.536
2021-03-19 03:21:11,0.02,0.109,21.0,170.0,265.0,0.537
2021-03-19 03:22:11,0.02,0.109,20.0,170.0,266.0,0.536
2021-03-19 03:23:12,0.02,0.109,20.0,170.0,266.0,0.537
2021-03-19 03:24:12,0.02,0.109,21.0,170.0,265.0,0.537
2021-03-19 03:25:13,0.02,0.109,21.0,170.0,265.0,0.537
2021-03-19 03:26:13,0.02,0.109,21.0,170.0,265.0,0.537
2021-03-19 03:27:14,0.02,0.109,21.0,170.0,265.0,0.537
2021-03-19 03:28:14,0.02,0.109,21.0,170.0,265.0,0.537
2021-03-19 03:29:14,0.02,0.109,21.0,170.0,265.0,0.5379999999999999
2021-03-19 03:30:15,0.02,0.109,21.0,170.0,265.0,0.539
2021-03-19 03:31:16,0.02,0.109,21.0,170.0,265.0,0.5379999999999999
2021-03-19 03:32:16,0.02,0.109,21.0,170.0,265.0,0.539
2021-03-19 03:33:16,0.02,0.109,21.0,170.0,264.0,0.539
2021-03-19 03:34:17,0.02,0.109,20.0,170.0,264.0,0.539
2021-03-19 03:35:17,0.02,0.109,20.0,170.0,264.0,0.539
2021-03-19 03:36:18,0.02,0.109,21.0,170.0,265.0,0.539
2021-03-19 03:37:18,0.02,0.109,21.0,170.0,265.0,0.5379999999999999
2021-03-19 03:38:19,0.02,0.109,21.0,170.0,264.0,0.539
2021-03-19 03:39:19,0.02,0.109,20.0,170.0,264.0,0.539
2021-03-19 03:40:19,0.02,0.109,20.0,170.0,264.0,0.539
2021-03-19 03:41:20,0.02,0.109,20.0,170.0,264.0,0.54
2021-03-19 03:42:20,0.02,0.109,21.0,170.0,264.0,0.539
2021-03-19 03:43:21,0.02,0.109,20.0,170.0,264.0,0.539
2021-03-19 03:44:21,0.02,0.109,21.0,170.0,264.0,0.54
2021-03-19 03:45:22,0.02,0.109,21.0,170.0,264.0,0.54
2021-03-19 03:46:22,0.02,0.109,20.0,170.0,264.0,0.54
2021-03-19 03:47:23,0.02,0.109,20.0,170.0,264.0,0.54
2021-03-19 03:48:23,0.02,0.109,21.0,170.0,264.0,0.54
2021-03-19 03:49:24,0.02,0.109,21.0,170.0,263.0,0.54
2021-03-19 03:50:24,0.02,0.109,21.0,170.0,264.0,0.54
2021-03-19 03:51:25,0.02,0.109,20.0,170.0,264.0,0.54
2021-03-19 03:52:25,0.02,0.109,21.0,170.0,264.0,0.541
2021-03-19 03:53:26,0.02,0.109,21.0,170.0,264.0,0.541
2021-03-19 03:54:26,0.02,0.109,20.0,170.0,263.0,0.54
2021-03-19 03:55:27,0.02,0.109,21.0,170.0,263.0,0.541
2021-03-19 03:56:27,0.02,0.109,20.0,170.0,263.0,0.54
2021-03-19 03:57:28,0.02,0.109,20.0,170.0,263.0,0.542
2021-03-19 03:58:28,0.02,0.109,20.0,170.0,263.0,0.541
2021-03-19 03:59:29,0.02,0.109,20.0,170.0,262.0,0.541
2021-03-19 04:00:29,0.02,0.109,20.0,170.0,262.0,0.542
2021-03-19 04:01:30,0.02,0.109,21.0,170.0,262.0,0.542
2021-03-19 04:02:30,0.02,0.109,20.0,170.0,262.0,0.542
2021-03-19 04:03:31,0.02,0.11,20.0,170.0,262.0,0.542
2021-03-19 04:04:31,0.02,0.11,20.0,170.0,263.0,0.5429999999999999
2021-03-19 04:05:32,0.02,0.11,20.0,170.0,262.0,0.542
2021-03-19 04:06:32,0.02,0.109,21.0,170.0,262.0,0.5429999999999999
2021-03-19 04:07:33,0.02,0.109,20.0,170.0,262.0,0.542
2021-03-19 04:08:33,0.02,0.11,21.0,170.0,262.0,0.5429999999999999
2021-03-19 04:09:34,0.02,0.11,21.0,170.0,262.0,0.5429999999999999
2021-03-19 04:10:34,0.02,0.11,20.0,170.0,262.0,0.542
2021-03-19 04:11:35,0.02,0.11,20.0,170.0,262.0,0.5429999999999999
2021-03-19 04:12:35,0.02,0.109,20.0,170.0,262.0,0.5429999999999999
2021-03-19 04:13:36,0.02,0.11,20.0,170.0,261.0,0.5429999999999999
2021-03-19 04:14:36,0.02,0.11,20.0,170.0,261.0,0.5429999999999999
2021-03-19 04:15:37,0.02,0.11,20.0,170.0,261.0,0.5429999999999999
2021-03-19 04:16:37,0.02,0.11,20.0,170.0,261.0,0.544
2021-03-19 04:17:38,0.02,0.11,20.0,170.0,261.0,0.5429999999999999
2021-03-19 04:18:38,0.02,0.11,20.0,170.0,261.0,0.544
2021-03-19 04:19:39,0.02,0.11,20.0,170.0,261.0,0.544
2021-03-19 04:20:39,0.02,0.11,20.0,170.0,261.0,0.545
2021-03-19 04:21:40,0.02,0.11,21.0,170.0,261.0,0.545
2021-03-19 04:22:40,0.02,0.11,20.0,170.0,261.0,0.544
2021-03-19 04:23:41,0.02,0.109,20.0,170.0,260.0,0.545
2021-03-19 04:24:41,0.02,0.11,20.0,170.0,260.0,0.5429999999999999
2021-03-19 04:25:42,0.02,0.11,21.0,170.0,260.0,0.544
2021-03-19 04:26:42,0.02,0.11,20.0,170.0,261.0,0.544
2021-03-19 04:27:43,0.02,0.11,20.0,170.0,261.0,0.544
2021-03-19 04:28:43,0.02,0.11,20.0,170.0,260.0,0.545
2021-03-19 04:29:44,0.02,0.11,20.0,170.0,260.0,0.545
2021-03-19 04:30:44,0.02,0.11,20.0,170.0,260.0,0.545
2021-03-19 04:31:45,0.02,0.11,21.0,170.0,260.0,0.545
2021-03-19 04:32:45,0.02,0.11,20.0,170.0,260.0,0.546
2021-03-19 04:33:46,0.02,0.109,20.0,170.0,260.0,0.546
2021-03-19 04:34:46,0.02,0.109,20.0,170.0,260.0,0.545
2021-03-19 04:35:47,0.02,0.11,20.0,170.0,260.0,0.546
2021-03-19 04:36:47,0.02,0.11,20.0,170.0,260.0,0.546
2021-03-19 04:37:48,0.02,0.109,20.0,170.0,260.0,0.545
2021-03-19 04:38:48,0.02,0.11,20.0,170.0,260.0,0.546
2021-03-19 04:39:49,0.02,0.109,20.0,170.0,259.0,0.545
2021-03-19 04:40:49,0.02,0.11,20.0,170.0,260.0,0.546
2021-03-19 04:41:50,0.02,0.11,20.0,170.0,259.0,0.547
2021-03-19 04:42:50,0.02,0.109,20.0,170.0,259.0,0.547
2021-03-19 04:43:51,0.02,0.11,20.0,170.0,259.0,0.546
2021-03-19 04:44:52,0.02,0.11,20.0,170.0,259.0,0.546
2021-03-19 04:45:52,0.02,0.11,20.0,170.0,259.0,0.547
2021-03-19 04:46:53,0.02,0.11,20.0,170.0,259.0,0.547
2021-03-19 04:47:53,0.02,0.11,20.0,170.0,259.0,0.547
2021-03-19 04:48:54,0.02,0.11,20.0,170.0,259.0,0.546
2021-03-19 04:49:54,0.02,0.109,20.0,170.0,258.0,0.546
2021-03-19 04:50:55,0.02,0.11,20.0,170.0,258.0,0.547
2021-03-19 04:51:55,0.02,0.11,20.0,170.0,258.0,0.5479999999999999
2021-03-19 04:52:56,0.02,0.11,20.0,170.0,259.0,0.547
2021-03-19 04:53:56,0.02,0.11,21.0,170.0,258.0,0.5479999999999999
2021-03-19 04:54:57,0.02,0.11,20.0,170.0,258.0,0.5479999999999999
2021-03-19 04:55:57,0.02,0.11,20.0,170.0,258.0,0.5489999999999999
2021-03-19 04:56:58,0.02,0.11,20.0,170.0,258.0,0.5479999999999999
2021-03-19 04:57:58,0.02,0.11,20.0,170.0,258.0,0.5489999999999999
2021-03-19 04:58:59,0.02,0.11,21.0,170.0,258.0,0.5479999999999999
2021-03-19 04:59:59,0.02,0.11,20.0,170.0,258.0,0.5489999999999999
2021-03-19 05:01:00,0.02,0.11,20.0,170.0,258.0,0.5489999999999999
2021-03-19 05:02:00,0.02,0.11,20.0,170.0,258.0,0.5489999999999999
2021-03-19 05:03:01,0.02,0.11,20.0,170.0,258.0,0.5489999999999999
2021-03-19 05:04:01,0.02,0.11,20.0,170.0,258.0,0.5479999999999999
2021-03-19 05:05:02,0.02,0.11,20.0,170.0,258.0,0.5489999999999999
2021-03-19 05:06:02,0.02,0.11,20.0,170.0,257.0,0.5489999999999999
2021-03-19 05:07:03,0.02,0.11,20.0,170.0,257.0,0.5489999999999999
2021-03-19 05:08:03,0.02,0.11,20.0,170.0,257.0,0.5489999999999999
2021-03-19 05:09:04,0.02,0.11,20.0,170.0,257.0,0.5489999999999999
2021-03-19 05:10:04,0.02,0.11,20.0,170.0,257.0,0.55
2021-03-19 05:11:05,0.02,0.11,20.0,170.0,257.0,0.5489999999999999
2021-03-19 05:12:05,0.02,0.11,20.0,170.0,257.0,0.55
2021-03-19 05:13:06,0.02,0.11,20.0,170.0,257.0,0.55
2021-03-19 05:14:07,0.02,0.11,20.0,170.0,257.0,0.55
2021-03-19 05:15:07,0.02,0.11,20.0,170.0,257.0,0.55
2021-03-19 05:16:08,0.02,0.11,20.0,170.0,257.0,0.5489999999999999
2021-03-19 05:17:08,0.02,0.11,20.0,170.0,256.0,0.55
2021-03-19 05:18:09,0.02,0.11,20.0,170.0,257.0,0.55
2021-03-19 05:19:09,0.02,0.11,20.0,170.0,256.0,0.551
2021-03-19 05:20:10,0.02,0.11,20.0,170.0,256.0,0.55
2021-03-19 05:21:10,0.02,0.11,20.0,170.0,256.0,0.55
2021-03-19 05:22:11,0.02,0.11,20.0,170.0,256.0,0.551
2021-03-19 05:23:11,0.02,0.11,20.0,170.0,256.0,0.551
2021-03-19 05:24:12,0.02,0.11,20.0,170.0,256.0,0.551
2021-03-19 05:25:12,0.02,0.11,20.0,170.0,256.0,0.551
2021-03-19 05:26:13,0.02,0.11,20.0,170.0,256.0,0.551
2021-03-19 05:27:13,0.02,0.11,20.0,170.0,256.0,0.551
2021-03-19 05:28:14,0.02,0.11,20.0,170.0,256.0,0.55
2021-03-19 05:29:14,0.02,0.11,20.0,170.0,256.0,0.551
2021-03-19 05:30:15,0.02,0.11,20.0,170.0,256.0,0.551
2021-03-19 05:31:15,0.02,0.11,20.0,170.0,255.0,0.551
2021-03-19 05:32:16,0.02,0.11,20.0,170.0,255.0,0.552
2021-03-19 05:33:16,0.02,0.11,20.0,170.0,255.0,0.552
2021-03-19 05:34:17,0.02,0.11,20.0,170.0,255.0,0.551
2021-03-19 05:35:17,0.02,0.11,20.0,170.0,255.0,0.552
2021-03-19 05:36:18,0.02,0.11,20.0,170.0,255.0,0.551
2021-03-19 05:37:18,0.02,0.11,20.0,170.0,255.0,0.5529999999999999
2021-03-19 05:38:19,0.02,0.11,20.0,170.0,255.0,0.552
2021-03-19 05:39:19,0.02,0.11,20.0,170.0,255.0,0.552
2021-03-19 05:40:20,0.02,0.11,20.0,170.0,255.0,0.552
2021-03-19 05:41:20,0.02,0.11,20.0,170.0,255.0,0.551
2021-03-19 05:42:21,0.02,0.11,20.0,170.0,255.0,0.551
2021-03-19 05:43:21,0.02,0.11,20.0,170.0,254.0,0.552
2021-03-19 05:44:22,0.02,0.11,20.0,170.0,255.0,0.551
2021-03-19 05:45:22,0.02,0.11,20.0,170.0,255.0,0.551
2021-03-19 05:46:22,0.02,0.11,20.0,170.0,255.0,0.551
2021-03-19 05:47:23,0.02,0.11,20.0,170.0,255.0,0.552
2021-03-19 05:48:24,0.02,0.11,20.0,170.0,254.0,0.552
2021-03-19 05:49:24,0.02,0.11,20.0,170.0,254.0,0.552
2021-03-19 05:50:25,0.02,0.11,20.0,170.0,254.0,0.552
2021-03-19 05:51:25,0.02,0.11,20.0,170.0,254.0,0.5529999999999999
2021-03-19 05:52:26,0.02,0.11,20.0,170.0,254.0,0.552
2021-03-19 05:53:27,0.02,0.11,20.0,170.0,254.0,0.5529999999999999
2021-03-19 05:54:27,0.02,0.11,20.0,170.0,254.0,0.5529999999999999
2021-03-19 05:55:28,0.02,0.11,20.0,170.0,254.0,0.5529999999999999
2021-03-19 05:56:28,0.02,0.11,20.0,170.0,254.0,0.5529999999999999
2021-03-19 05:57:29,0.02,0.11,20.0,170.0,254.0,0.5529999999999999
2021-03-19 05:58:29,0.02,0.11,20.0,170.0,254.0,0.5529999999999999
2021-03-19 05:59:30,0.02,0.11,20.0,170.0,254.0,0.5529999999999999
2021-03-19 06:00:30,0.02,0.11,20.0,170.0,253.0,0.5529999999999999
2021-03-19 06:01:31,0.02,0.11,20.0,170.0,254.0,0.5529999999999999
2021-03-19 06:02:31,0.02,0.11,20.0,170.0,253.0,0.5529999999999999
2021-03-19 06:03:32,0.02,0.11,20.0,170.0,253.0,0.555
2021-03-19 06:04:32,0.02,0.11,20.0,170.0,253.0,0.5539999999999999
2021-03-19 06:05:33,0.02,0.11,20.0,170.0,253.0,0.5539999999999999
2021-03-19 06:06:33,0.02,0.11,20.0,170.0,253.0,0.5529999999999999
2021-03-19 06:07:33,0.02,0.11,20.0,170.0,253.0,0.5539999999999999
2021-03-19 06:08:34,0.02,0.11,20.0,170.0,253.0,0.555
2021-03-19 06:09:34,0.02,0.11,20.0,170.0,253.0,0.5539999999999999
2021-03-19 06:10:35,0.02,0.11,20.0,170.0,252.0,0.5539999999999999
2021-03-19 06:11:35,0.02,0.11,20.0,170.0,252.0,0.555
2021-03-19 06:12:36,0.02,0.11,20.0,170.0,252.0,0.5539999999999999
2021-03-19 06:13:36,0.02,0.11,20.0,170.0,252.0,0.555
2021-03-19 06:14:37,0.02,0.11,20.0,170.0,252.0,0.555
2021-03-19 06:15:37,0.02,0.11,20.0,170.0,252.0,0.555
2021-03-19 06:16:38,0.02,0.11,20.0,170.0,252.0,0.5539999999999999
2021-03-19 06:17:38,0.02,0.11,20.0,170.0,252.0,0.555
2021-03-19 06:18:39,0.02,0.11,20.0,170.0,252.0,0.556
2021-03-19 06:19:40,0.02,0.11,20.0,170.0,252.0,0.555
2021-03-19 06:20:40,0.02,0.11,20.0,170.0,252.0,0.555
2021-03-19 06:21:41,0.02,0.11,20.0,170.0,252.0,0.555
2021-03-19 06:22:41,0.02,0.11,20.0,170.0,252.0,0.555
2021-03-19 06:23:42,0.02,0.11,20.0,170.0,252.0,0.555
2021-03-19 06:24:42,0.02,0.11,20.0,170.0,252.0,0.555
2021-03-19 06:25:42,0.02,0.11,20.0,170.0,252.0,0.556
2021-03-19 06:26:43,0.02,0.11,20.0,170.0,251.0,0.556
2021-03-19 06:27:43,0.02,0.11,20.0,170.0,251.0,0.556
2021-03-19 06:28:44,0.02,0.11,20.0,170.0,251.0,0.556
2021-03-19 06:29:44,0.02,0.11,20.0,170.0,251.0,0.556
2021-03-19 06:30:45,0.02,0.11,20.0,170.0,251.0,0.556
2021-03-19 06:31:45,0.02,0.11,20.0,170.0,251.0,0.557
2021-03-19 06:32:46,0.02,0.11,20.0,170.0,251.0,0.557
2021-03-19 06:33:46,0.02,0.11,20.0,170.0,251.0,0.557
2021-03-19 06:34:47,0.02,0.11,20.0,170.0,251.0,0.557
2021-03-19 06:35:47,0.02,0.11,20.0,170.0,251.0,0.557
2021-03-19 06:36:48,0.02,0.11,20.0,170.0,251.0,0.557
2021-03-19 06:37:48,0.02,0.11,20.0,170.0,251.0,0.557
2021-03-19 06:38:49,0.02,0.11,20.0,170.0,250.0,0.557
2021-03-19 06:39:49,0.02,0.11,20.0,170.0,251.0,0.556
2021-03-19 06:40:50,0.02,0.11,20.0,170.0,250.0,0.556
2021-03-19 06:41:50,0.02,0.11,20.0,170.0,250.0,0.557
2021-03-19 06:42:51,0.02,0.11,20.0,170.0,250.0,0.5579999999999999
2021-03-19 06:43:51,0.02,0.11,20.0,170.0,250.0,0.5579999999999999
2021-03-19 06:44:52,0.02,0.111,20.0,170.0,250.0,0.5579999999999999
2021-03-19 06:45:52,0.02,0.111,20.0,170.0,250.0,0.5579999999999999
2021-03-19 06:46:53,0.02,0.111,20.0,170.0,250.0,0.5579999999999999
2021-03-19 06:47:53,0.02,0.111,20.0,170.0,250.0,0.5589999999999999
2021-03-19 06:48:54,0.02,0.111,20.0,170.0,250.0,0.5579999999999999
2021-03-19 06:49:54,0.02,0.111,20.0,170.0,250.0,0.5589999999999999
2021-03-19 06:50:55,0.02,0.111,20.0,170.0,250.0,0.5579999999999999
2021-03-19 06:51:55,0.02,0.111,20.0,170.0,250.0,0.5589999999999999
2021-03-19 06:52:56,0.02,0.111,20.0,170.0,250.0,0.5579999999999999
2021-03-19 06:53:56,0.02,0.111,20.0,170.0,250.0,0.5589999999999999
2021-03-19 06:54:57,0.02,0.11,19.0,170.0,250.0,0.5589999999999999
2021-03-19 06:55:57,0.02,0.111,20.0,170.0,249.0,0.5589999999999999
2021-03-19 06:56:58,0.02,0.111,20.0,170.0,249.0,0.5589999999999999
2021-03-19 06:57:58,0.02,0.111,20.0,170.0,249.0,0.5589999999999999
2021-03-19 06:58:59,0.02,0.111,20.0,170.0,250.0,0.5589999999999999
2021-03-19 06:59:59,0.02,0.111,20.0,170.0,249.0,0.5589999999999999
2021-03-19 07:01:00,0.02,0.111,20.0,170.0,249.0,0.5589999999999999
2021-03-19 07:02:00,0.02,0.111,20.0,170.0,249.0,0.5589999999999999
2021-03-19 07:03:01,0.02,0.111,20.0,170.0,249.0,0.5589999999999999
2021-03-19 07:04:01,0.02,0.111,20.0,170.0,249.0,0.56
2021-03-19 07:05:02,0.02,0.111,20.0,170.0,249.0,0.5589999999999999
2021-03-19 07:06:02,0.02,0.111,20.0,170.0,249.0,0.5589999999999999
2021-03-19 07:07:03,0.02,0.111,20.0,170.0,249.0,0.56
2021-03-19 07:08:03,0.02,0.111,20.0,170.0,249.0,0.5589999999999999
2021-03-19 07:09:04,0.02,0.111,20.0,170.0,249.0,0.56
2021-03-19 07:10:04,0.02,0.111,20.0,170.0,249.0,0.56
2021-03-19 07:11:05,0.02,0.111,20.0,170.0,248.0,0.5589999999999999
2021-03-19 07:12:05,0.02,0.111,20.0,170.0,248.0,0.561
2021-03-19 07:13:06,0.02,0.111,20.0,170.0,248.0,0.561
2021-03-19 07:14:06,0.02,0.111,20.0,170.0,248.0,0.561
2021-03-19 07:15:07,0.02,0.111,20.0,170.0,248.0,0.561
2021-03-19 07:16:08,0.02,0.111,20.0,170.0,248.0,0.561
2021-03-19 07:17:08,0.02,0.111,20.0,170.0,248.0,0.56
2021-03-19 07:18:09,0.02,0.111,20.0,170.0,248.0,0.56
2021-03-19 07:19:09,0.02,0.111,20.0,170.0,248.0,0.561
2021-03-19 07:20:10,0.02,0.111,19.0,170.0,248.0,0.561
2021-03-19 07:21:10,0.02,0.111,20.0,170.0,248.0,0.561
2021-03-19 07:22:11,0.02,0.111,20.0,170.0,248.0,0.562
2021-03-19 07:23:11,0.02,0.111,20.0,170.0,248.0,0.562
2021-03-19 07:24:12,0.02,0.111,20.0,170.0,248.0,0.562
2021-03-19 07:25:12,0.02,0.111,20.0,170.0,248.0,0.562
2021-03-19 07:26:13,0.02,0.111,20.0,170.0,248.0,0.562
2021-03-19 07:27:13,0.02,0.111,20.0,170.0,248.0,0.562
2021-03-19 07:28:14,0.02,0.111,20.0,170.0,248.0,0.562
2021-03-19 07:29:14,0.02,0.111,20.0,170.0,248.0,0.563
2021-03-19 07:30:15,0.02,0.111,20.0,170.0,248.0,0.563
2021-03-19 07:31:15,0.02,0.111,20.0,170.0,247.0,0.562
2021-03-19 07:32:16,0.02,0.111,20.0,170.0,247.0,0.562
2021-03-19 07:33:16,0.02,0.111,20.0,170.0,248.0,0.562
2021-03-19 07:34:17,0.02,0.111,20.0,170.0,247.0,0.562
2021-03-19 07:35:17,0.02,0.111,19.0,170.0,247.0,0.563
2021-03-19 07:36:18,0.02,0.111,20.0,170.0,247.0,0.563
2021-03-19 07:37:18,0.02,0.111,19.0,170.0,246.0,0.562
2021-03-19 07:38:19,0.02,0.111,20.0,170.0,247.0,0.563
2021-03-19 07:39:19,0.02,0.111,20.0,170.0,247.0,0.563
2021-03-19 07:40:20,0.02,0.111,20.0,170.0,247.0,0.563
2021-03-19 07:41:20,0.02,0.111,19.0,170.0,247.0,0.563
2021-03-19 07:42:21,0.02,0.111,20.0,170.0,246.0,0.564
2021-03-19 07:43:21,0.02,0.111,20.0,170.0,247.0,0.563
2021-03-19 07:44:22,0.02,0.111,20.0,170.0,247.0,0.563
2021-03-19 07:45:22,0.02,0.111,20.0,170.0,246.0,0.563
2021-03-19 07:46:23,0.02,0.111,19.0,170.0,246.0,0.563
2021-03-19 07:47:23,0.02,0.111,20.0,170.0,246.0,0.563
2021-03-19 07:48:24,0.02,0.111,20.0,170.0,246.0,0.564
2021-03-19 07:49:24,0.02,0.111,20.0,170.0,246.0,0.564
2021-03-19 07:50:25,0.02,0.111,20.0,170.0,246.0,0.564
2021-03-19 07:51:25,0.02,0.111,19.0,170.0,246.0,0.565
2021-03-19 07:52:26,0.02,0.111,20.0,170.0,246.0,0.565
2021-03-19 07:53:26,0.02,0.111,20.0,170.0,246.0,0.565
2021-03-19 07:54:27,0.02,0.111,20.0,170.0,246.0,0.565
2021-03-19 07:55:27,0.02,0.111,20.0,170.0,246.0,0.565
2021-03-19 07:56:27,0.02,0.111,19.0,170.0,246.0,0.565
2021-03-19 07:57:28,0.02,0.111,20.0,170.0,246.0,0.565
2021-03-19 07:58:28,0.02,0.111,20.0,170.0,246.0,0.564
2021-03-19 07:59:29,0.02,0.111,19.0,170.0,246.0,0.565
2021-03-19 08:00:29,0.02,0.111,19.0,170.0,246.0,0.565
2021-03-19 08:01:30,0.02,0.111,19.0,170.0,245.0,0.565
2021-03-19 08:02:31,0.02,0.111,20.0,170.0,246.0,0.565
2021-03-19 08:03:31,0.02,0.111,20.0,170.0,245.0,0.565
2021-03-19 08:04:32,0.02,0.111,20.0,170.0,246.0,0.565
2021-03-19 08:05:32,0.02,0.111,19.0,170.0,245.0,0.565
2021-03-19 08:06:33,0.02,0.111,19.0,170.0,245.0,0.5660000000000001
2021-03-19 08:07:33,0.02,0.111,19.0,170.0,245.0,0.5660000000000001
2021-03-19 08:08:34,0.02,0.111,19.0,170.0,245.0,0.5670000000000001
2021-03-19 08:09:34,0.02,0.111,19.0,170.0,245.0,0.5660000000000001
2021-03-19 08:10:35,0.02,0.111,20.0,170.0,245.0,0.5660000000000001
2021-03-19 08:11:35,0.02,0.111,19.0,170.0,245.0,0.5670000000000001
2021-03-19 08:12:36,0.02,0.111,20.0,170.0,245.0,0.5660000000000001
2021-03-19 08:13:36,0.02,0.111,19.0,170.0,245.0,0.5660000000000001
2021-03-19 08:14:37,0.02,0.111,19.0,170.0,245.0,0.5660000000000001
2021-03-19 08:15:37,0.02,0.111,20.0,170.0,245.0,0.5660000000000001
2021-03-19 08:16:38,0.02,0.111,19.0,170.0,245.0,0.5670000000000001
2021-03-19 08:17:38,0.02,0.111,20.0,170.0,244.0,0.5670000000000001
2021-03-19 08:18:39,0.02,0.111,19.0,170.0,245.0,0.5660000000000001
2021-03-19 08:19:39,0.02,0.111,20.0,170.0,245.0,0.568
2021-03-19 08:20:40,0.02,0.111,19.0,170.0,245.0,0.5670000000000001
2021-03-19 08:21:40,0.02,0.111,19.0,170.0,245.0,0.5670000000000001
2021-03-19 08:22:41,0.02,0.111,20.0,170.0,244.0,0.5670000000000001
2021-03-19 08:23:41,0.02,0.111,19.0,170.0,244.0,0.5670000000000001
2021-03-19 08:24:42,0.02,0.111,20.0,170.0,244.0,0.568
2021-03-19 08:25:42,0.02,0.111,19.0,170.0,244.0,0.568
2021-03-19 08:26:43,0.02,0.111,19.0,170.0,244.0,0.568
2021-03-19 08:27:43,0.02,0.111,19.0,170.0,244.0,0.568
2021-03-19 08:28:44,0.02,0.111,19.0,170.0,244.0,0.568
2021-03-19 08:29:44,0.02,0.111,19.0,170.0,244.0,0.568
2021-03-19 08:30:45,0.02,0.111,19.0,170.0,244.0,0.569
2021-03-19 08:31:45,0.02,0.111,19.0,170.0,244.0,0.569
2021-03-19 08:32:46,0.02,0.111,19.0,170.0,244.0,0.569
2021-03-19 08:33:46,0.02,0.111,20.0,170.0,244.0,0.569
2021-03-19 08:34:47,0.02,0.11199999999999999,19.0,170.0,244.0,0.568
2021-03-19 08:35:48,0.02,0.111,19.0,170.0,244.0,0.569
2021-03-19 08:36:48,0.02,0.111,20.0,170.0,243.0,0.569
2021-03-19 08:37:48,0.02,0.111,19.0,170.0,244.0,0.569
2021-03-19 08:38:49,0.02,0.111,19.0,170.0,244.0,0.568
2021-03-19 08:39:49,0.02,0.111,19.0,170.0,243.0,0.569
2021-03-19 08:40:50,0.02,0.111,19.0,170.0,243.0,0.569
2021-03-19 08:41:50,0.02,0.111,19.0,170.0,243.0,0.569
2021-03-19 08:42:51,0.02,0.111,20.0,170.0,243.0,0.57
2021-03-19 08:43:52,0.02,0.11199999999999999,19.0,170.0,243.0,0.569
2021-03-19 08:44:52,0.02,0.111,19.0,170.0,244.0,0.569
2021-03-19 08:45:53,0.02,0.111,19.0,170.0,243.0,0.57
2021-03-19 08:46:53,0.02,0.111,20.0,170.0,243.0,0.5710000000000001
2021-03-19 08:47:54,0.02,0.111,19.0,170.0,243.0,0.5710000000000001
2021-03-19 08:48:54,0.02,0.111,19.0,170.0,243.0,0.5710000000000001
2021-03-19 08:49:55,0.02,0.111,19.0,170.0,243.0,0.5710000000000001
2021-03-19 08:50:55,0.02,0.11199999999999999,20.0,170.0,243.0,0.5710000000000001
2021-03-19 08:51:56,0.02,0.111,20.0,170.0,243.0,0.57
2021-03-19 08:52:57,0.02,0.11199999999999999,20.0,170.0,242.0,0.57
2021-03-19 08:53:57,0.02,0.111,19.0,170.0,243.0,0.5710000000000001
2021-03-19 08:54:58,0.02,0.111,19.0,170.0,242.0,0.57
2021-03-19 08:55:58,0.02,0.111,19.0,170.0,243.0,0.57
2021-03-19 08:56:58,0.02,0.111,19.0,170.0,242.0,0.5710000000000001
2021-03-19 08:57:59,0.02,0.111,19.0,170.0,242.0,0.5720000000000001
2021-03-19 08:58:59,0.02,0.111,19.0,170.0,242.0,0.5710000000000001
2021-03-19 09:00:00,0.02,0.11199999999999999,19.0,170.0,242.0,0.5720000000000001
2021-03-19 09:01:01,0.02,0.111,19.0,170.0,242.0,0.5710000000000001
2021-03-19 09:02:01,0.02,0.111,19.0,170.0,242.0,0.5710000000000001
2021-03-19 09:03:02,0.02,0.111,19.0,170.0,242.0,0.5720000000000001
2021-03-19 09:04:02,0.02,0.111,19.0,170.0,242.0,0.5710000000000001
2021-03-19 09:05:03,0.02,0.111,19.0,170.0,242.0,0.5720000000000001
2021-03-19 09:06:03,0.02,0.111,19.0,170.0,242.0,0.5720000000000001
2021-03-19 09:07:04,0.02,0.111,19.0,170.0,242.0,0.5720000000000001
2021-03-19 09:08:04,0.02,0.111,19.0,170.0,242.0,0.5720000000000001
2021-03-19 09:09:05,0.02,0.111,19.0,170.0,242.0,0.5720000000000001
2021-03-19 09:10:05,0.02,0.111,19.0,170.0,242.0,0.5720000000000001
2021-03-19 09:11:06,0.02,0.11199999999999999,19.0,170.0,242.0,0.573
2021-03-19 09:12:06,0.02,0.11199999999999999,19.0,170.0,242.0,0.573
2021-03-19 09:13:07,0.02,0.11199999999999999,19.0,170.0,241.0,0.5720000000000001
2021-03-19 09:14:07,0.02,0.11199999999999999,19.0,170.0,242.0,0.573
2021-03-19 09:15:08,0.02,0.111,20.0,170.0,242.0,0.5720000000000001
2021-03-19 09:16:08,0.02,0.11199999999999999,19.0,170.0,242.0,0.5720000000000001
2021-03-19 09:17:09,0.02,0.11199999999999999,19.0,170.0,242.0,0.573
2021-03-19 09:18:09,0.02,0.11199999999999999,19.0,170.0,241.0,0.5720000000000001
2021-03-19 09:19:10,0.02,0.11199999999999999,20.0,170.0,241.0,0.574
2021-03-19 09:20:10,0.02,0.11199999999999999,19.0,170.0,241.0,0.573
2021-03-19 09:21:10,0.02,0.11199999999999999,19.0,170.0,241.0,0.574
2021-03-19 09:22:11,0.02,0.11199999999999999,19.0,170.0,242.0,0.574
2021-03-19 09:23:11,0.02,0.11199999999999999,19.0,170.0,241.0,0.574
2021-03-19 09:24:12,0.02,0.11199999999999999,19.0,170.0,241.0,0.574
2021-03-19 09:25:12,0.02,0.11199999999999999,19.0,170.0,242.0,0.574
2021-03-19 09:26:13,0.02,0.11199999999999999,19.0,170.0,241.0,0.575
2021-03-19 09:27:13,0.02,0.11199999999999999,19.0,170.0,241.0,0.575
2021-03-19 09:28:14,0.02,0.11199999999999999,19.0,170.0,241.0,0.575
2021-03-19 09:29:14,0.02,0.11199999999999999,20.0,170.0,241.0,0.575
2021-03-19 09:30:15,0.02,0.11199999999999999,19.0,170.0,241.0,0.575
2021-03-19 09:31:15,0.02,0.11199999999999999,19.0,170.0,241.0,0.575
2021-03-19 09:32:15,0.02,0.11199999999999999,19.0,170.0,241.0,0.575
2021-03-19 09:33:16,0.02,0.11199999999999999,19.0,170.0,241.0,0.575
2021-03-19 09:34:16,0.02,0.11199999999999999,19.0,170.0,241.0,0.575
2021-03-19 09:35:17,0.02,0.11199999999999999,19.0,170.0,241.0,0.575
2021-03-19 09:36:17,0.02,0.11199999999999999,19.0,170.0,241.0,0.575
2021-03-19 09:37:18,0.02,0.11199999999999999,19.0,170.0,240.0,0.5760000000000001
2021-03-19 09:38:19,0.02,0.11199999999999999,19.0,170.0,240.0,0.5760000000000001
2021-03-19 09:39:19,0.02,0.11199999999999999,19.0,170.0,240.0,0.575
2021-03-19 09:40:20,0.02,0.11199999999999999,19.0,170.0,240.0,0.575
2021-03-19 09:41:20,0.02,0.11199999999999999,19.0,170.0,240.0,0.575
2021-03-19 09:42:21,0.02,0.11199999999999999,19.0,170.0,240.0,0.575
2021-03-19 09:43:21,0.02,0.11199999999999999,19.0,170.0,240.0,0.575
2021-03-19 09:44:22,0.02,0.11199999999999999,20.0,170.0,240.0,0.575
2021-03-19 09:45:22,0.02,0.11199999999999999,19.0,170.0,240.0,0.575
2021-03-19 09:46:23,0.02,0.11199999999999999,19.0,170.0,240.0,0.5760000000000001
2021-03-19 09:47:23,0.02,0.11199999999999999,19.0,170.0,240.0,0.5770000000000001
2021-03-19 09:48:23,0.02,0.11199999999999999,19.0,170.0,240.0,0.5770000000000001
2021-03-19 09:49:24,0.02,0.11199999999999999,19.0,170.0,240.0,0.578
2021-03-19 09:50:24,0.02,0.11199999999999999,19.0,170.0,240.0,0.5770000000000001
2021-03-19 09:51:25,0.02,0.11199999999999999,19.0,170.0,240.0,0.578
2021-03-19 09:52:25,0.02,0.11199999999999999,19.0,170.0,239.0,0.578
2021-03-19 09:53:26,0.02,0.11199999999999999,19.0,170.0,240.0,0.5770000000000001
2021-03-19 09:54:26,0.02,0.11199999999999999,19.0,170.0,240.0,0.5770000000000001
2021-03-19 09:55:27,0.02,0.11199999999999999,19.0,170.0,239.0,0.578
2021-03-19 09:56:27,0.02,0.11199999999999999,19.0,170.0,239.0,0.578
2021-03-19 09:57:28,0.02,0.11199999999999999,19.0,170.0,239.0,0.578
2021-03-19 09:58:28,0.02,0.11199999999999999,19.0,170.0,239.0,0.578
2021-03-19 09:59:29,0.02,0.11199999999999999,19.0,170.0,239.0,0.578
2021-03-19 10:00:29,0.02,0.11199999999999999,19.0,170.0,239.0,0.579
2021-03-19 10:01:30,0.02,0.11199999999999999,19.0,170.0,239.0,0.579
2021-03-19 10:02:30,0.02,0.11199999999999999,19.0,170.0,239.0,0.578
2021-03-19 10:03:31,0.02,0.11199999999999999,19.0,170.0,239.0,0.579
2021-03-19 10:04:32,0.02,0.11199999999999999,19.0,170.0,239.0,0.578
2021-03-19 10:05:32,0.02,0.11199999999999999,19.0,170.0,238.0,0.578
2021-03-19 10:06:32,0.02,0.11199999999999999,19.0,170.0,239.0,0.579
2021-03-19 10:07:33,0.02,0.113,19.0,170.0,239.0,0.579
2021-03-19 10:08:33,0.02,0.113,19.0,170.0,239.0,0.579
2021-03-19 10:09:34,0.02,0.11199999999999999,19.0,170.0,239.0,0.58
2021-03-19 10:10:34,0.02,0.11199999999999999,19.0,170.0,239.0,0.58
2021-03-19 10:11:34,0.02,0.11199999999999999,19.0,170.0,239.0,0.579
2021-03-19 10:12:35,0.02,0.113,19.0,170.0,238.0,0.58
2021-03-19 10:13:35,0.02,0.113,19.0,170.0,238.0,0.579
2021-03-19 10:14:36,0.02,0.113,19.0,170.0,239.0,0.58
2021-03-19 10:15:37,0.02,0.113,19.0,170.0,239.0,0.581
2021-03-19 10:16:37,0.02,0.11199999999999999,19.0,170.0,238.0,0.581
2021-03-19 10:17:38,0.02,0.113,19.0,170.0,238.0,0.58
2021-03-19 10:18:38,0.02,0.113,19.0,170.0,238.0,0.58
2021-03-19 10:19:39,0.02,0.113,19.0,170.0,238.0,0.58
2021-03-19 10:20:39,0.02,0.113,19.0,170.0,238.0,0.58
2021-03-19 10:21:40,0.02,0.113,19.0,170.0,238.0,0.581
2021-03-19 10:22:40,0.02,0.113,19.0,170.0,238.0,0.58
2021-03-19 10:23:40,0.02,0.113,19.0,170.0,238.0,0.58
2021-03-19 10:24:41,0.02,0.113,19.0,170.0,238.0,0.5820000000000001
2021-03-19 10:25:41,0.02,0.113,19.0,170.0,238.0,0.581
2021-03-19 10:26:42,0.02,0.113,19.0,170.0,238.0,0.581
2021-03-19 10:27:42,0.02,0.113,19.0,170.0,238.0,0.581
2021-03-19 10:28:43,0.02,0.113,19.0,170.0,238.0,0.5820000000000001
2021-03-19 10:29:43,0.02,0.113,19.0,170.0,238.0,0.5820000000000001
2021-03-19 10:30:44,0.02,0.113,19.0,170.0,238.0,0.5820000000000001
2021-03-19 10:31:44,0.02,0.113,19.0,170.0,237.0,0.5820000000000001
2021-03-19 10:32:45,0.02,0.113,19.0,170.0,238.0,0.5820000000000001
2021-03-19 10:33:45,0.02,0.113,19.0,170.0,237.0,0.5820000000000001
2021-03-19 10:34:46,0.02,0.113,19.0,170.0,237.0,0.5820000000000001
2021-03-19 10:35:46,0.02,0.113,19.0,170.0,237.0,0.5820000000000001
2021-03-19 10:36:47,0.02,0.113,19.0,170.0,238.0,0.5820000000000001
2021-03-19 10:37:47,0.02,0.113,19.0,170.0,237.0,0.5820000000000001
2021-03-19 10:38:48,0.02,0.113,19.0,170.0,237.0,0.5820000000000001
2021-03-19 10:39:48,0.02,0.113,19.0,170.0,237.0,0.5820000000000001
2021-03-19 10:40:49,0.02,0.113,19.0,170.0,237.0,0.5820000000000001
2021-03-19 10:41:49,0.02,0.113,19.0,170.0,237.0,0.583
2021-03-19 10:42:49,0.02,0.113,19.0,170.0,237.0,0.583
2021-03-19 10:43:50,0.02,0.113,19.0,170.0,237.0,0.583
2021-03-19 10:44:50,0.02,0.113,19.0,170.0,237.0,0.583
2021-03-19 10:45:51,0.02,0.113,19.0,170.0,237.0,0.583
2021-03-19 10:46:51,0.02,0.113,19.0,170.0,237.0,0.583
2021-03-19 10:47:52,0.02,0.113,19.0,170.0,237.0,0.5820000000000001
2021-03-19 10:48:52,0.02,0.113,19.0,170.0,236.0,0.583
2021-03-19 10:49:53,0.02,0.113,19.0,170.0,236.0,0.584
2021-03-19 10:50:53,0.02,0.113,19.0,170.0,236.0,0.583
2021-03-19 10:51:54,0.02,0.113,19.0,170.0,237.0,0.584
2021-03-19 10:52:54,0.02,0.113,19.0,170.0,236.0,0.585
2021-03-19 10:53:55,0.02,0.113,19.0,170.0,236.0,0.585
2021-03-19 10:54:55,0.02,0.113,19.0,170.0,236.0,0.584
2021-03-19 10:55:56,0.02,0.113,19.0,170.0,236.0,0.585
2021-03-19 10:56:56,0.02,0.113,19.0,170.0,236.0,0.584
2021-03-19 10:57:57,0.02,0.113,19.0,170.0,236.0,0.585
2021-03-19 10:58:57,0.02,0.113,19.0,170.0,236.0,0.585
2021-03-19 10:59:58,0.02,0.113,19.0,170.0,236.0,0.585
2021-03-19 11:00:58,0.02,0.113,19.0,170.0,236.0,0.585
2021-03-19 11:01:59,0.02,0.113,19.0,170.0,236.0,0.585
2021-03-19 11:02:59,0.02,0.113,19.0,170.0,236.0,0.586
2021-03-19 11:03:59,0.02,0.113,19.0,170.0,236.0,0.585
2021-03-19 11:05:00,0.02,0.114,19.0,170.0,236.0,0.586
2021-03-19 11:06:00,0.02,0.113,19.0,170.0,236.0,0.586
2021-03-19 11:07:01,0.02,0.114,19.0,170.0,236.0,0.586
2021-03-19 11:08:01,0.02,0.113,19.0,170.0,235.0,0.586
2021-03-19 11:09:02,0.02,0.113,19.0,170.0,235.0,0.585
2021-03-19 11:10:03,0.02,0.113,19.0,170.0,235.0,0.586
2021-03-19 11:11:03,0.02,0.113,19.0,170.0,235.0,0.5870000000000001
2021-03-19 11:12:03,0.02,0.113,19.0,170.0,235.0,0.5870000000000001
2021-03-19 11:13:04,0.02,0.114,19.0,170.0,235.0,0.586
2021-03-19 11:14:04,0.02,0.114,19.0,170.0,235.0,0.5870000000000001
2021-03-19 11:15:05,0.02,0.114,19.0,170.0,235.0,0.588
2021-03-19 11:16:05,0.02,0.114,19.0,170.0,235.0,0.588
2021-03-19 11:17:06,0.02,0.114,19.0,170.0,235.0,0.588
2021-03-19 11:18:06,0.02,0.114,19.0,170.0,235.0,0.5870000000000001
2021-03-19 11:19:06,0.02,0.114,19.0,170.0,235.0,0.588
2021-03-19 11:20:07,0.02,0.114,19.0,170.0,235.0,0.5870000000000001
2021-03-19 11:21:07,0.02,0.114,19.0,170.0,235.0,0.588
2021-03-19 11:22:08,0.02,0.114,19.0,170.0,235.0,0.588
2021-03-19 11:23:08,0.02,0.114,19.0,170.0,235.0,0.588
2021-03-19 11:24:09,0.02,0.114,19.0,170.0,235.0,0.588
2021-03-19 11:25:09,0.02,0.114,19.0,170.0,235.0,0.588
2021-03-19 11:26:10,0.02,0.114,19.0,170.0,234.0,0.588
2021-03-19 11:27:11,0.02,0.114,19.0,170.0,235.0,0.588
2021-03-19 11:28:11,0.02,0.114,19.0,170.0,234.0,0.588
2021-03-19 11:29:11,0.02,0.114,19.0,170.0,234.0,0.588
2021-03-19 11:30:12,0.02,0.114,19.0,170.0,234.0,0.588
2021-03-19 11:31:13,0.02,0.114,19.0,170.0,234.0,0.588
2021-03-19 11:32:13,0.02,0.114,19.0,170.0,235.0,0.589
2021-03-19 11:33:14,0.02,0.114,19.0,170.0,234.0,0.588
2021-03-19 11:34:14,0.02,0.114,19.0,170.0,234.0,0.588
2021-03-19 11:35:15,0.02,0.114,19.0,170.0,234.0,0.589
2021-03-19 11:36:15,0.02,0.114,19.0,170.0,234.0,0.588
2021-03-19 11:37:16,0.02,0.114,19.0,170.0,234.0,0.589
2021-03-19 11:38:16,0.02,0.114,19.0,170.0,234.0,0.588
2021-03-19 11:39:16,0.02,0.114,19.0,170.0,234.0,0.59
2021-03-19 11:40:17,0.02,0.114,19.0,170.0,234.0,0.589
2021-03-19 11:41:17,0.02,0.114,19.0,170.0,234.0,0.589
2021-03-19 11:42:18,0.02,0.114,19.0,170.0,234.0,0.589
2021-03-19 11:43:19,0.02,0.114,19.0,170.0,234.0,0.589
2021-03-19 11:44:19,0.02,0.114,19.0,170.0,234.0,0.589
2021-03-19 11:45:20,0.02,0.114,19.0,170.0,234.0,0.59
2021-03-19 11:46:20,0.02,0.114,19.0,170.0,234.0,0.59
2021-03-19 11:47:21,0.02,0.114,19.0,170.0,234.0,0.589
2021-03-19 11:48:21,0.02,0.114,19.0,170.0,234.0,0.59
2021-03-19 11:49:22,0.02,0.114,19.0,170.0,233.0,0.591
2021-03-19 11:50:22,0.02,0.114,19.0,170.0,234.0,0.591
2021-03-19 11:51:23,0.02,0.114,19.0,170.0,233.0,0.59
2021-03-19 11:52:23,0.02,0.114,19.0,171.0,234.0,0.59
2021-03-19 11:53:24,0.02,0.114,19.0,170.0,234.0,0.591
2021-03-19 11:54:24,0.02,0.114,19.0,170.0,233.0,0.5920000000000001
2021-03-19 11:55:25,0.02,0.114,19.0,170.0,233.0,0.591
2021-03-19 11:56:25,0.02,0.115,19.0,170.0,233.0,0.5920000000000001
2021-03-19 11:57:26,0.02,0.114,19.0,170.0,233.0,0.5920000000000001
2021-03-19 11:58:26,0.02,0.114,19.0,170.0,233.0,0.5920000000000001
2021-03-19 11:59:27,0.02,0.115,19.0,170.0,233.0,0.5920000000000001
2021-03-19 12:00:27,0.02,0.115,19.0,170.0,232.0,0.5920000000000001
2021-03-19 12:01:28,0.02,0.115,19.0,170.0,233.0,0.5920000000000001
2021-03-19 12:02:28,0.02,0.115,19.0,170.0,233.0,0.5920000000000001
2021-03-19 12:03:29,0.02,0.115,19.0,170.0,233.0,0.593
2021-03-19 12:04:29,0.02,0.115,19.0,170.0,233.0,0.5920000000000001
2021-03-19 12:05:30,0.02,0.115,19.0,170.0,233.0,0.593
2021-03-19 12:06:30,0.02,0.115,19.0,170.0,233.0,0.593
2021-03-19 12:07:31,0.02,0.115,19.0,170.0,233.0,0.593
2021-03-19 12:08:32,0.02,0.115,19.0,170.0,233.0,0.593
2021-03-19 12:09:32,0.02,0.115,19.0,170.0,232.0,0.594
2021-03-19 12:10:33,0.02,0.115,19.0,170.0,232.0,0.593
2021-03-19 12:11:33,0.02,0.115,19.0,170.0,232.0,0.594
2021-03-19 12:12:34,0.02,0.115,19.0,170.0,232.0,0.593
2021-03-19 12:13:34,0.02,0.115,19.0,170.0,232.0,0.593
2021-03-19 12:14:35,0.02,0.115,19.0,170.0,232.0,0.593
2021-03-19 12:15:35,0.02,0.115,19.0,170.0,232.0,0.594
2021-03-19 12:16:36,0.02,0.115,19.0,170.0,232.0,0.594
2021-03-19 12:17:36,0.02,0.115,19.0,170.0,232.0,0.594
2021-03-19 12:18:36,0.02,0.115,19.0,170.0,232.0,0.595
2021-03-19 12:19:37,0.02,0.115,19.0,170.0,232.0,0.595
2021-03-19 12:20:38,0.02,0.115,19.0,170.0,232.0,0.595
2021-03-19 12:21:38,0.02,0.115,19.0,170.0,232.0,0.595
2021-03-19 12:22:38,0.02,0.115,19.0,170.0,232.0,0.596
2021-03-19 12:23:39,0.02,0.115,19.0,170.0,232.0,0.595
2021-03-19 12:24:40,0.02,0.115,19.0,170.0,232.0,0.595
2021-03-19 12:25:40,0.02,0.115,19.0,170.0,232.0,0.595
2021-03-19 12:26:41,0.02,0.115,19.0,170.0,231.0,0.595
2021-03-19 12:27:41,0.02,0.115,19.0,170.0,231.0,0.596
2021-03-19 12:28:41,0.02,0.115,19.0,170.0,231.0,0.595
2021-03-19 12:29:42,0.02,0.115,19.0,170.0,231.0,0.596
2021-03-19 12:30:42,0.02,0.115,19.0,170.0,231.0,0.595
2021-03-19 12:31:43,0.02,0.115,19.0,170.0,231.0,0.596
2021-03-19 12:32:43,0.02,0.115,19.0,170.0,232.0,0.596
2021-03-19 12:33:44,0.02,0.115,19.0,170.0,231.0,0.596
2021-03-19 12:34:44,0.02,0.115,19.0,171.0,231.0,0.596
2021-03-19 12:35:45,0.02,0.115,19.0,170.0,231.0,0.596
2021-03-19 12:36:45,0.02,0.115,19.0,170.0,231.0,0.596
2021-03-19 12:37:46,0.02,0.115,19.0,170.0,231.0,0.596
2021-03-19 12:38:46,0.02,0.115,19.0,170.0,231.0,0.596
2021-03-19 12:39:47,0.02,0.115,19.0,170.0,231.0,0.596
2021-03-19 12:40:47,0.02,0.115,19.0,170.0,231.0,0.596
2021-03-19 12:41:48,0.02,0.115,19.0,170.0,231.0,0.596
2021-03-19 12:42:48,0.02,0.115,19.0,170.0,231.0,0.597
2021-03-19 12:43:49,0.02,0.115,19.0,170.0,230.0,0.597
2021-03-19 12:44:49,0.02,0.115,19.0,170.0,230.0,0.597
2021-03-19 12:45:50,0.02,0.115,19.0,170.0,231.0,0.598
2021-03-19 12:46:50,0.02,0.115,19.0,170.0,230.0,0.597
2021-03-19 12:47:51,0.02,0.115,19.0,170.0,231.0,0.598
2021-03-19 12:48:51,0.02,0.115,19.0,170.0,231.0,0.598
2021-03-19 12:49:52,0.02,0.115,19.0,171.0,230.0,0.598
2021-03-19 12:50:52,0.02,0.115,19.0,171.0,230.0,0.599
2021-03-19 12:51:53,0.02,0.115,19.0,170.0,230.0,0.598
2021-03-19 12:52:53,0.02,0.115,19.0,170.0,230.0,0.598
2021-03-19 12:53:54,0.02,0.115,19.0,170.0,230.0,0.598
2021-03-19 12:54:54,0.02,0.11599999999999999,19.0,170.0,230.0,0.599
2021-03-19 12:55:55,0.02,0.11599999999999999,19.0,170.0,230.0,0.599
2021-03-19 12:56:55,0.02,0.11599999999999999,19.0,170.0,230.0,0.599
2021-03-19 12:57:56,0.02,0.11599999999999999,19.0,171.0,230.0,0.599
2021-03-19 12:58:56,0.02,0.11599999999999999,19.0,170.0,230.0,0.599
2021-03-19 12:59:57,0.02,0.11599999999999999,19.0,170.0,230.0,0.6
2021-03-19 13:00:57,0.02,0.11599999999999999,19.0,170.0,230.0,0.6
2021-03-19 13:01:58,0.02,0.11599999999999999,19.0,170.0,230.0,0.6
2021-03-19 13:02:58,0.02,0.11599999999999999,19.0,170.0,230.0,0.6
2021-03-19 13:03:59,0.02,0.11599999999999999,19.0,170.0,230.0,0.599
2021-03-19 13:04:59,0.02,0.11599999999999999,19.0,170.0,230.0,0.601
2021-03-19 13:06:00,0.02,0.11599999999999999,19.0,170.0,230.0,0.6
2021-03-19 13:07:00,0.02,0.11599999999999999,19.0,170.0,230.0,0.601
2021-03-19 13:08:01,0.02,0.11599999999999999,19.0,170.0,230.0,0.6
2021-03-19 13:09:01,0.02,0.11599999999999999,19.0,170.0,230.0,0.601
2021-03-19 13:10:02,0.02,0.11599999999999999,19.0,170.0,230.0,0.601
2021-03-19 13:11:02,0.02,0.11599999999999999,19.0,170.0,230.0,0.6
2021-03-19 13:12:03,0.02,0.11599999999999999,19.0,170.0,229.0,0.602
2021-03-19 13:13:03,0.02,0.11599999999999999,19.0,170.0,230.0,0.602
2021-03-19 13:14:04,0.02,0.11599999999999999,19.0,170.0,229.0,0.602
2021-03-19 13:15:04,0.02,0.11599999999999999,19.0,170.0,229.0,0.602
2021-03-19 13:16:05,0.02,0.11599999999999999,19.0,171.0,229.0,0.602
2021-03-19 13:17:05,0.02,0.11599999999999999,19.0,170.0,229.0,0.602
2021-03-19 13:18:06,0.02,0.11599999999999999,19.0,170.0,229.0,0.602
2021-03-19 13:19:06,0.02,0.11599999999999999,19.0,170.0,229.0,0.603
2021-03-19 13:20:07,0.02,0.11599999999999999,19.0,170.0,229.0,0.602
2021-03-19 13:21:07,0.02,0.11599999999999999,19.0,170.0,229.0,0.603
2021-03-19 13:22:08,0.02,0.11599999999999999,19.0,170.0,229.0,0.603
2021-03-19 13:23:08,0.02,0.11599999999999999,19.0,170.0,229.0,0.603
2021-03-19 13:24:09,0.02,0.11599999999999999,19.0,170.0,229.0,0.603
2021-03-19 13:25:09,0.02,0.11599999999999999,19.0,170.0,229.0,0.604
2021-03-19 13:26:10,0.02,0.11599999999999999,19.0,170.0,229.0,0.603
2021-03-19 13:27:10,0.02,0.11599999999999999,19.0,170.0,229.0,0.603
2021-03-19 13:28:11,0.02,0.11599999999999999,19.0,171.0,229.0,0.604
2021-03-19 13:29:11,0.02,0.11599999999999999,19.0,170.0,229.0,0.603
2021-03-19 13:30:11,0.02,0.11599999999999999,19.0,171.0,229.0,0.603
2021-03-19 13:31:12,0.02,0.11599999999999999,19.0,170.0,229.0,0.604
2021-03-19 13:32:12,0.02,0.11599999999999999,19.0,170.0,229.0,0.604
2021-03-19 13:33:13,0.02,0.11599999999999999,19.0,170.0,228.0,0.604
2021-03-19 13:34:13,0.02,0.11599999999999999,19.0,170.0,229.0,0.604
2021-03-19 13:35:14,0.02,0.11599999999999999,19.0,170.0,228.0,0.606
2021-03-19 13:36:14,0.02,0.11599999999999999,19.0,170.0,228.0,0.605
2021-03-19 13:37:15,0.02,0.11599999999999999,19.0,170.0,228.0,0.604
2021-03-19 13:38:15,0.02,0.11599999999999999,19.0,170.0,228.0,0.606
2021-03-19 13:39:16,0.02,0.11599999999999999,19.0,171.0,228.0,0.606
2021-03-19 13:40:16,0.02,0.11599999999999999,19.0,170.0,228.0,0.606
2021-03-19 13:41:17,0.02,0.11599999999999999,19.0,171.0,228.0,0.605
2021-03-19 13:42:17,0.02,0.11699999999999999,19.0,171.0,229.0,0.605
2021-03-19 13:43:18,0.02,0.11699999999999999,19.0,171.0,228.0,0.606
2021-03-19 13:44:18,0.02,0.11599999999999999,19.0,170.0,228.0,0.606
2021-03-19 13:45:19,0.02,0.11599999999999999,19.0,170.0,228.0,0.606
2021-03-19 13:46:19,0.02,0.11699999999999999,19.0,170.0,228.0,0.606
2021-03-19 13:47:20,0.02,0.11699999999999999,19.0,171.0,228.0,0.606
2021-03-19 13:48:20,0.02,0.11699999999999999,19.0,170.0,228.0,0.606
2021-03-19 13:49:21,0.02,0.11699999999999999,19.0,170.0,228.0,0.606
2021-03-19 13:50:21,0.02,0.11699999999999999,19.0,170.0,228.0,0.607
2021-03-19 13:51:22,0.02,0.11699999999999999,19.0,170.0,228.0,0.606
2021-03-19 13:52:22,0.02,0.11699999999999999,19.0,171.0,228.0,0.607
2021-03-19 13:53:23,0.02,0.11699999999999999,19.0,170.0,228.0,0.607
2021-03-19 13:54:23,0.02,0.11599999999999999,19.0,170.0,228.0,0.607
2021-03-19 13:55:24,0.02,0.11699999999999999,19.0,170.0,228.0,0.607
2021-03-19 13:56:24,0.02,0.11599999999999999,19.0,170.0,228.0,0.607
2021-03-19 13:57:24,0.02,0.11599999999999999,19.0,171.0,228.0,0.607
2021-03-19 13:58:25,0.02,0.11599999999999999,18.0,171.0,227.0,0.608
2021-03-19 13:59:25,0.02,0.11699999999999999,19.0,171.0,227.0,0.607
2021-03-19 14:00:26,0.02,0.11599999999999999,19.0,170.0,227.0,0.608
2021-03-19 14:01:27,0.02,0.11699999999999999,19.0,170.0,227.0,0.609
2021-03-19 14:02:27,0.02,0.11699999999999999,18.0,170.0,228.0,0.608
2021-03-19 14:03:28,0.02,0.11699999999999999,19.0,170.0,227.0,0.609
2021-03-19 14:04:29,0.02,0.11599999999999999,19.0,171.0,227.0,0.609
2021-03-19 14:05:29,0.02,0.11699999999999999,19.0,171.0,227.0,0.609
2021-03-19 14:06:30,0.02,0.11599999999999999,19.0,170.0,227.0,0.608
2021-03-19 14:07:31,0.02,0.11699999999999999,19.0,170.0,227.0,0.609
2021-03-19 14:08:31,0.02,0.11699999999999999,19.0,170.0,227.0,0.609
2021-03-19 14:09:32,0.02,0.11699999999999999,19.0,171.0,227.0,0.609
2021-03-19 14:10:32,0.02,0.11699999999999999,19.0,171.0,227.0,0.61
2021-03-19 14:11:33,0.02,0.11699999999999999,18.0,170.0,227.0,0.609
2021-03-19 14:12:33,0.02,0.11699999999999999,19.0,170.0,227.0,0.61
2021-03-19 14:13:33,0.02,0.11699999999999999,19.0,171.0,226.0,0.61
2021-03-19 14:14:34,0.02,0.11699999999999999,19.0,171.0,227.0,0.61
2021-03-19 14:15:34,0.02,0.11699999999999999,19.0,171.0,227.0,0.61
2021-03-19 14:16:35,0.02,0.11699999999999999,19.0,171.0,227.0,0.61
2021-03-19 14:17:35,0.02,0.11699999999999999,19.0,170.0,226.0,0.611
