datetime,water in,water out,oil,He,low pressure,high pressure,current,hours
2021-03-19 00:00:59,19.732779999999998,19.532220000000002,19.40111,20.07222,220.95,221.1277,0.26695,25349.8
2021-03-19 00:01:59,19.72,19.52444,19.39111,20.07,220.9225,221.169,0.278975,25349.8
2021-03-19 00:02:59,19.74055,19.54,19.41389,20.08555,220.9324,221.1277,0.278985,25349.8
2021-03-19 00:03:59,19.73556,19.535,19.40389,20.077779999999997,220.9649,221.1214,0.285505,25349.8
2021-03-19 00:05:02,19.738329999999998,19.535,19.40389,20.08278,220.9374,221.1076,0.285515,25349.8
2021-03-19 00:06:02,19.74055,19.54,19.40111,20.08778,220.9324,221.1076,0.28551,25349.8
2021-03-19 00:07:02,19.73055,19.532220000000002,19.406670000000002,20.077779999999997,220.9599,221.1051,0.27899,25349.8
2021-03-19 00:08:02,19.73556,19.54278,19.406670000000002,20.08278,220.9324,221.1101,0.285515,25349.8
2021-03-19 00:09:02,19.725,19.52722,19.40389,20.08,220.9274,221.1377,0.285515,25349.8
2021-03-19 00:10:05,19.732779999999998,19.54,19.39333,20.08,220.9249,221.1615,0.28551,25349.8
2021-03-19 00:11:05,19.732779999999998,19.535,19.398889999999998,20.08555,220.9399,221.1226,0.291535,25349.8
2021-03-19 00:12:05,19.73055,19.535,19.398889999999998,20.08,220.9574,221.1176,0.291535,25349.8
2021-03-19 00:13:05,19.72778,19.532220000000002,19.39333,20.07222,220.9549,221.1164,0.285515,25349.8
2021-03-19 00:14:05,19.732779999999998,19.54278,19.41666,20.08778,220.9474,221.1226,0.291535,25349.8
2021-03-19 00:15:05,19.732779999999998,19.532220000000002,19.406670000000002,20.08555,220.9311,221.1477,0.285515,25349.8
2021-03-19 00:16:08,19.732779999999998,19.54278,19.40889,20.08,220.9324,221.1127,0.27899,25349.8
2021-03-19 00:17:08,19.72278,19.53,19.40389,20.077779999999997,220.9474,221.1402,0.285515,25349.8
2021-03-19 00:18:08,19.73055,19.54,19.406670000000002,20.077779999999997,220.9512,221.1577,0.28552,25349.8
2021-03-19 00:19:08,19.725,19.53,19.40111,20.07222,220.9424,221.0976,0.27297,25349.8
2021-03-19 00:20:08,19.72,19.51945,19.38833,20.07,220.9349,221.1026,0.29153,25349.8
2021-03-19 00:21:11,19.732779999999998,19.535,19.40389,20.077779999999997,220.9299,221.1364,0.278985,25349.8
2021-03-19 00:22:11,19.72,19.52222,19.38833,20.06444,220.9574,221.1577,0.27899,25349.8
2021-03-19 00:23:13,19.73055,19.532220000000002,19.40111,20.077779999999997,220.9399,221.1276,0.27297,25349.8
2021-03-19 00:24:13,19.72778,19.53,19.39111,20.07,220.95,221.1452,0.272965,25349.8
2021-03-19 00:25:13,19.72778,19.52444,19.39333,20.07,220.9349,221.1327,0.27899,25349.8
2021-03-19 00:26:13,19.74055,19.537779999999998,19.40889,20.08278,220.9324,221.1226,0.291545,25349.8
2021-03-19 00:27:13,19.72778,19.52722,19.39611,20.07222,220.9449,221.1276,0.28551,25349.8
2021-03-19 00:28:13,19.72278,19.52444,19.40111,20.07,220.9249,221.0976,0.29153,25349.8
2021-03-19 00:29:13,19.732779999999998,19.52444,19.39333,20.075,220.9549,221.1302,0.285515,25349.8
2021-03-19 00:30:13,19.715,19.52444,19.398889999999998,20.07,220.9349,221.1252,0.291535,25349.8
2021-03-19 00:31:13,19.732779999999998,19.52444,19.39611,20.07,220.9224,221.0926,0.29153,25349.8
2021-03-19 00:32:13,19.725,19.52444,19.39611,20.077779999999997,220.9124,221.1001,0.278985,25349.8
2021-03-19 00:33:13,19.72,19.52222,19.39111,20.07,220.9387,221.1314,0.28551,25349.8
2021-03-19 00:34:13,19.72778,19.52444,19.39333,20.07222,220.9324,221.1176,0.285515,25349.8
2021-03-19 00:35:16,19.70222,19.52444,19.386110000000002,20.06222,220.9286,221.1152,0.291535,25349.8
2021-03-19 00:36:16,19.717779999999998,19.51945,19.386110000000002,20.067220000000002,220.9524,221.0851,0.29154,25349.8
2021-03-19 00:37:16,19.69667,19.51945,19.383329999999997,20.06222,220.9524,221.0926,0.285515,25349.8
2021-03-19 00:38:16,19.72278,19.52222,19.386110000000002,20.06444,220.9299,221.0977,0.28551,25349.8
2021-03-19 00:39:16,19.72278,19.52222,19.38833,20.067220000000002,220.9274,221.0901,0.272965,25349.8
2021-03-19 00:40:16,19.717779999999998,19.51945,19.386110000000002,20.07,220.9199,221.0926,0.27899,25349.8
2021-03-19 00:41:19,19.72278,19.52444,19.386110000000002,20.07,220.9249,221.1227,0.28551,25349.8
2021-03-19 00:42:19,19.70722,19.51945,19.386110000000002,20.06444,220.9374,221.1252,0.285505,25349.8
2021-03-19 00:43:19,19.717779999999998,19.51444,19.38833,20.05944,220.9261,221.1152,0.278995,25349.8
2021-03-19 00:44:19,19.715,19.517220000000002,19.386110000000002,20.07,220.9298,221.1013,0.285515,25349.8
2021-03-19 00:45:19,19.725,19.52444,19.383329999999997,20.067220000000002,220.9286,221.0914,0.285515,25349.8
2021-03-19 00:46:19,19.72278,19.517220000000002,19.39111,20.07,220.9349,221.1227,0.278985,25349.8
2021-03-19 00:47:22,19.717779999999998,19.52444,19.38833,20.067220000000002,220.9274,221.1227,0.28551,25349.8
2021-03-19 00:48:22,19.715,19.52444,19.386110000000002,20.06444,220.9399,221.1076,0.28551,25349.8
2021-03-19 00:49:22,19.712220000000002,19.517220000000002,19.38056,20.06222,220.9149,221.0926,0.285515,25349.8
2021-03-19 00:50:22,19.717779999999998,19.511670000000002,19.383329999999997,20.06222,220.9274,221.1227,0.29154,25349.8
2021-03-19 00:51:22,19.72,19.51945,19.383329999999997,20.05722,220.9212,221.1026,0.291535,25349.8
2021-03-19 00:52:22,19.715,19.51444,19.386110000000002,20.07,220.9024,221.0977,0.291535,25349.8
2021-03-19 00:53:22,19.715,19.51945,19.37833,20.05944,220.9425,221.0952,0.27899,25349.8
2021-03-19 00:54:25,19.712220000000002,19.51444,19.38833,20.05722,220.9174,221.1051,0.285525,25349.8
2021-03-19 00:55:25,19.715,19.51444,19.37833,20.06222,220.9311,221.0951,0.285515,25349.8
2021-03-19 00:56:25,19.72,19.52722,19.38833,20.07222,220.9424,221.0951,0.27899,25349.8
2021-03-19 00:57:25,19.71,19.509439999999998,19.37556,20.05722,220.9349,221.1377,0.285515,25349.8
2021-03-19 00:58:25,19.704439999999998,19.511670000000002,19.37833,20.05167,220.9449,221.0989,0.278975,25349.8
2021-03-19 00:59:25,19.732779999999998,19.53,19.39111,20.07222,220.9399,221.1214,0.278995,25349.8
2021-03-19 01:00:28,19.70722,19.511670000000002,19.38056,20.05944,220.9198,221.1026,0.28552,25349.8
2021-03-19 01:01:28,19.715,19.51444,19.37833,20.06222,220.9249,221.0964,0.291535,25349.8
2021-03-19 01:02:28,19.70722,19.509439999999998,19.37833,20.05722,220.9212,221.0826,0.285515,25349.8
2021-03-19 01:03:28,19.71,19.51444,19.37278,20.05722,220.9324,221.1014,0.278985,25349.8
2021-03-19 01:04:28,19.69667,19.50389,19.37278,20.05444,220.9174,221.1001,0.28551,25349.8
2021-03-19 01:05:28,19.70722,19.511670000000002,19.383329999999997,20.05444,220.9149,221.1001,0.285515,25349.8
2021-03-19 01:06:28,19.70722,19.511670000000002,19.37055,20.05722,220.9212,221.0889,0.29756,25349.8
2021-03-19 01:07:31,19.715,19.51444,19.37278,20.05944,220.9124,221.0601,0.285515,25349.8
2021-03-19 01:08:31,19.715,19.51444,19.37833,20.05444,220.9249,221.0926,0.29154,25349.8
2021-03-19 01:09:31,19.70722,19.50667,19.37278,20.046670000000002,220.9086,221.1364,0.285515,25349.8
2021-03-19 01:10:31,19.712220000000002,19.52222,19.37833,20.05167,220.9087,221.0901,0.285515,25349.8
2021-03-19 01:11:31,19.70222,19.51444,19.36778,20.046670000000002,220.9337,221.1139,0.29154,25349.8
2021-03-19 01:12:31,19.71,19.51444,19.37278,20.05944,220.8924,221.0876,0.27899,25349.8
2021-03-19 01:13:34,19.704439999999998,19.50389,19.37556,20.05167,220.9074,221.0876,0.285515,25349.8
2021-03-19 01:14:34,19.704439999999998,19.50667,19.36778,20.04944,220.9049,221.0826,0.285515,25349.8
2021-03-19 01:15:34,19.712220000000002,19.51444,19.37055,20.04944,220.9174,221.1014,0.291545,25349.8
2021-03-19 01:16:34,19.704439999999998,19.50667,19.36778,20.05167,220.9187,221.1026,0.28551,25349.8
2021-03-19 01:17:34,19.70222,19.50667,19.36778,20.05722,220.8974,221.0701,0.285515,25349.8
2021-03-19 01:18:37,19.70222,19.511670000000002,19.37278,20.04166,220.9299,221.0701,0.278985,25349.8
2021-03-19 01:19:37,19.71,19.50167,19.357779999999998,20.04389,220.9173,221.1027,0.285515,25349.8
2021-03-19 01:20:37,19.69667,19.49667,19.355,20.046670000000002,220.9249,221.0888,0.27297,25349.8
2021-03-19 01:21:37,19.70722,19.50389,19.365560000000002,20.04389,220.9136,221.0989,0.27899,25349.8
2021-03-19 01:22:37,19.70722,19.509439999999998,19.37278,20.04944,220.9174,221.0977,0.285515,25349.8
2021-03-19 01:23:37,19.70222,19.50167,19.355,20.03611,220.9286,221.1002,0.29153,25349.8
2021-03-19 01:24:40,19.68945,19.50167,19.35,20.03611,220.8999,221.0701,0.28551,25349.8
2021-03-19 01:25:40,19.68945,19.49389,19.36,20.04166,220.9399,221.1064,0.2855,25349.8
2021-03-19 01:26:40,19.70222,19.50167,19.362779999999997,20.04389,220.9224,221.0826,0.278995,25349.8
2021-03-19 01:27:40,19.70222,19.50667,19.36,20.03889,220.9124,221.0751,0.291535,25349.8
2021-03-19 01:28:40,19.69444,19.49889,19.36,20.04389,220.8998,221.0976,0.285515,25349.8
2021-03-19 01:29:40,19.69667,19.50389,19.355,20.03889,220.9174,221.0876,0.27899,25349.8
2021-03-19 01:30:40,19.68667,19.49111,19.352220000000003,20.03889,220.9024,221.1051,0.291525,25349.8
2021-03-19 01:31:40,19.69444,19.50167,19.355,20.03389,220.9199,221.0926,0.28551,25349.8
2021-03-19 01:32:43,19.69944,19.49667,19.357779999999998,20.02889,220.9299,221.0776,0.291535,25349.8
2021-03-19 01:33:43,19.69444,19.49889,19.355,20.03611,220.9199,221.0551,0.28551,25349.8
2021-03-19 01:34:43,19.67889,19.48611,19.33944,20.01556,220.9499,221.0876,0.285505,25349.8
2021-03-19 01:35:43,19.691670000000002,19.49889,19.35,20.03389,220.9136,221.0951,0.278995,25349.8
2021-03-19 01:36:43,19.68945,19.49111,19.355,20.03111,220.9286,221.0776,0.29153,25349.8
2021-03-19 01:37:46,19.68667,19.48611,19.34222,20.03611,220.9074,221.0964,0.278985,25349.8
2021-03-19 01:38:46,19.691670000000002,19.49389,19.345,20.02889,220.9198,221.0901,0.29153,25349.8
2021-03-19 01:39:46,19.68167,19.488889999999998,19.345,20.02889,220.9212,221.0726,0.2855,25349.8
2021-03-19 01:40:46,19.691670000000002,19.49889,19.352220000000003,20.03611,220.9274,221.0676,0.291535,25349.8
2021-03-19 01:41:46,19.68945,19.488889999999998,19.352220000000003,20.03389,220.8861,221.06,0.291535,25349.8
2021-03-19 01:42:46,19.68945,19.49389,19.352220000000003,20.03389,220.8974,221.06,0.285515,25349.8
2021-03-19 01:43:49,19.68667,19.488889999999998,19.345,20.02611,220.9099,221.0538,0.285515,25349.8
2021-03-19 01:44:49,19.67889,19.488889999999998,19.34222,20.023329999999998,220.9099,221.1051,0.29153,25349.8
2021-03-19 01:45:49,19.68167,19.488889999999998,19.34722,20.02611,220.8898,221.0951,0.291535,25349.8
2021-03-19 01:46:49,19.68167,19.49111,19.33944,20.02611,220.9049,221.0726,0.28552,25349.8
2021-03-19 01:47:49,19.68667,19.49111,19.345,20.02111,220.8849,221.0588,0.278995,25349.8
2021-03-19 01:48:49,19.67389,19.49389,19.337220000000002,20.02111,220.9049,221.1001,0.285515,25349.8
2021-03-19 01:49:52,19.683889999999998,19.488889999999998,19.345,20.023329999999998,220.9374,221.0676,0.285515,25349.8
2021-03-19 01:50:52,19.671110000000002,19.48611,19.33445,20.02611,220.9074,221.0826,0.27899,25349.8
2021-03-19 01:51:52,19.68167,19.48611,19.345,20.02111,220.9099,221.0676,0.28551,25349.8
2021-03-19 01:52:52,19.68667,19.488889999999998,19.34722,20.023329999999998,220.9136,221.0651,0.285515,25349.8
2021-03-19 01:53:52,19.67889,19.48611,19.34222,20.02111,220.9099,221.0851,0.291535,25349.8
2021-03-19 01:54:52,19.67889,19.48333,19.33944,20.02111,220.8949,221.0801,0.29153,25349.8
2021-03-19 01:55:52,19.68167,19.488889999999998,19.345,20.023329999999998,220.9124,221.0701,0.27297,25349.8
2021-03-19 01:56:55,19.67889,19.48333,19.33445,20.01556,220.8949,221.0651,0.28551,25349.8
2021-03-19 01:57:55,19.67611,19.49111,19.337220000000002,20.01556,220.9112,221.0676,0.27899,25349.8
2021-03-19 01:58:55,19.671110000000002,19.48611,19.337220000000002,20.01833,220.8836,221.0676,0.285515,25349.8
2021-03-19 01:59:55,19.66889,19.47833,19.337220000000002,20.00556,220.9237,221.0501,0.29153,25349.8
2021-03-19 02:00:55,19.67889,19.48611,19.34222,20.02111,220.8923,221.0626,0.291535,25349.8
2021-03-19 02:01:58,19.67389,19.47833,19.337220000000002,20.01833,220.8849,221.0551,0.28551,25349.8
2021-03-19 02:02:58,19.66611,19.48611,19.32667,20.01055,220.8911,221.0451,0.28551,25349.8
2021-03-19 02:03:58,19.66889,19.47334,19.331670000000003,20.01556,220.8961,221.0563,0.285515,25349.8
2021-03-19 02:04:58,19.66889,19.48111,19.331670000000003,20.01333,220.9099,221.0388,0.27899,25349.8
2021-03-19 02:05:58,19.67611,19.48111,19.34222,20.02111,220.8498,221.0901,0.285515,25349.8
2021-03-19 02:06:58,19.67889,19.49389,19.33445,20.02111,220.8861,221.0663,0.27899,25349.8
2021-03-19 02:08:01,19.671110000000002,19.47833,19.329439999999998,20.01055,220.8748,221.06,0.285515,25349.8
2021-03-19 02:09:01,19.67611,19.47833,19.331670000000003,20.01055,220.8886,221.0626,0.285515,25349.8
2021-03-19 02:10:01,19.66889,19.476110000000002,19.32667,20.00778,220.8974,221.0676,0.28551,25349.8
2021-03-19 02:11:01,19.66111,19.468329999999998,19.329439999999998,20.00778,220.8974,221.0726,0.27899,25349.8
2021-03-19 02:12:01,19.66889,19.47334,19.329439999999998,20.01556,220.8873,221.035,0.27899,25349.8
2021-03-19 02:13:04,19.66611,19.47833,19.331670000000003,20.01333,220.8999,221.0651,0.29154,25349.8
2021-03-19 02:14:04,19.66333,19.476110000000002,19.331670000000003,20.01556,220.8586,221.0851,0.278995,25349.8
2021-03-19 02:15:04,19.66333,19.47055,19.32444,20.0,220.8974,221.0676,0.285515,25349.8
2021-03-19 02:16:04,19.66889,19.48333,19.32667,20.00778,220.8824,221.0576,0.278995,25349.8
2021-03-19 02:17:04,19.65833,19.468329999999998,19.31666,20.0,220.8849,221.0801,0.285505,25349.8
2021-03-19 02:18:04,19.65833,19.476110000000002,19.32444,20.01055,220.8711,221.0851,0.27899,25349.8
2021-03-19 02:19:07,19.65333,19.46278,19.31389,20.0,220.8799,221.0701,0.27899,25349.8
2021-03-19 02:20:07,19.671110000000002,19.476110000000002,19.331670000000003,20.01833,220.8911,221.0614,0.285515,25349.8
2021-03-19 02:21:07,19.66111,19.47055,19.32166,20.00778,220.8923,221.0726,0.272965,25349.8
2021-03-19 02:22:07,19.66611,19.468329999999998,19.32667,20.002779999999998,220.8548,221.0726,0.285515,25349.8
2021-03-19 02:23:07,19.66333,19.47334,19.32166,20.00778,220.9036,221.0688,0.27899,25349.8
2021-03-19 02:24:10,19.66111,19.47055,19.31389,20.0,220.8836,221.0901,0.285505,25349.8
2021-03-19 02:25:10,19.65833,19.46556,19.32444,20.002779999999998,220.8523,221.0375,0.285515,25349.8
2021-03-19 02:26:10,19.66611,19.476110000000002,19.32166,20.0,220.8548,221.05,0.28551,25349.8
2021-03-19 02:27:10,19.65833,19.47334,19.32667,20.002779999999998,220.8648,221.0764,0.291535,25349.8
2021-03-19 02:28:10,19.66111,19.47334,19.31666,19.995,220.8698,221.0701,0.28552,25349.8
2021-03-19 02:29:13,19.66111,19.47055,19.31889,20.002779999999998,220.8748,221.0701,0.285515,25349.8
2021-03-19 02:30:13,19.66111,19.46278,19.31111,20.0,220.8823,221.0651,0.285515,25349.8
2021-03-19 02:31:13,19.65556,19.47055,19.31666,19.99778,220.8774,221.0776,0.28552,25349.8
2021-03-19 02:32:13,19.650560000000002,19.46055,19.31889,20.0,220.8999,221.0726,0.278985,25349.8
2021-03-19 02:33:13,19.650560000000002,19.46278,19.31389,19.99278,220.8573,221.0851,0.27898,25349.8
2021-03-19 02:34:13,19.65333,19.46278,19.308889999999998,19.995,220.9086,221.0726,0.285515,25349.8
2021-03-19 02:35:16,19.65556,19.46278,19.31111,19.99,220.856,221.0776,0.28552,25349.8
2021-03-19 02:36:16,19.650560000000002,19.46278,19.308889999999998,19.99278,220.8799,221.0651,0.27899,25349.8
2021-03-19 02:37:16,19.65833,19.46556,19.31666,20.00556,220.8723,221.0376,0.27899,25349.8
2021-03-19 02:38:16,19.648329999999998,19.47334,19.31111,19.99278,220.8874,221.0376,0.278995,25349.8
2021-03-19 02:39:16,19.650560000000002,19.46556,19.30611,19.99278,220.8798,221.0526,0.278995,25349.8
2021-03-19 02:40:16,19.65333,19.46278,19.308889999999998,19.995,220.9024,221.0613,0.285515,25349.8
2021-03-19 02:41:19,19.65333,19.468329999999998,19.31666,20.0,220.8648,221.0501,0.285515,25349.8
2021-03-19 02:42:19,19.648329999999998,19.46278,19.308889999999998,19.99278,220.9023,221.0751,0.291535,25349.8
2021-03-19 02:43:19,19.650560000000002,19.46556,19.308889999999998,19.99278,220.8235,221.0376,0.278995,25349.8
2021-03-19 02:44:19,19.65333,19.46278,19.31389,19.995,220.841,221.0702,0.28552,25349.8
2021-03-19 02:45:19,19.64556,19.45778,19.30111,19.99,220.8748,221.0751,0.27899,25349.8
2021-03-19 02:46:19,19.65556,19.45778,19.29833,19.99278,220.8848,221.035,0.285515,25349.8
2021-03-19 02:47:19,19.648329999999998,19.46556,19.31389,19.99,220.8623,221.05,0.291535,25349.8
2021-03-19 02:48:22,19.64278,19.46055,19.30111,19.995,220.8473,221.0488,0.29153,25349.8
2021-03-19 02:49:22,19.64556,19.452779999999997,19.296110000000002,19.98722,220.8524,221.0601,0.291535,25349.8
2021-03-19 02:50:22,19.63778,19.447779999999998,19.293329999999997,19.97944,220.9149,221.0626,0.285515,25349.8
2021-03-19 02:51:22,19.64278,19.447779999999998,19.296110000000002,19.97944,220.8711,221.0663,0.28551,25349.8
2021-03-19 02:52:22,19.64055,19.45,19.296110000000002,19.977220000000003,220.8298,221.0601,0.29153,25349.8
2021-03-19 02:53:25,19.64278,19.452779999999997,19.30111,19.977220000000003,220.8248,221.0651,0.28551,25349.8
2021-03-19 02:54:25,19.63778,19.452779999999997,19.296110000000002,19.98222,220.8574,221.0526,0.28551,25349.8
2021-03-19 02:55:25,19.635,19.45,19.28833,19.977220000000003,220.8548,221.0325,0.27899,25349.8
2021-03-19 02:56:25,19.63778,19.45555,19.30389,19.985,220.8523,221.06,0.278985,25349.8
2021-03-19 02:57:25,19.64278,19.45555,19.296110000000002,19.97944,220.8524,221.0776,0.285515,25349.8
2021-03-19 02:58:25,19.63,19.447779999999998,19.296110000000002,19.97222,220.8524,221.0663,0.29154,25349.8
2021-03-19 02:59:28,19.63778,19.452779999999997,19.296110000000002,19.97445,220.8523,221.0438,0.285515,25349.8
2021-03-19 03:00:28,19.63,19.45555,19.296110000000002,19.97445,220.8147,221.0601,0.278995,25349.8
2021-03-19 03:01:28,19.63778,19.447779999999998,19.29833,19.977220000000003,220.8661,221.0526,0.27899,25349.8
2021-03-19 03:02:28,19.63778,19.445,19.29055,19.977220000000003,220.8874,221.0701,0.28551,25349.8
2021-03-19 03:03:28,19.63778,19.45778,19.30389,19.977220000000003,220.8548,221.0376,0.285525,25349.8
2021-03-19 03:04:31,19.64556,19.45,19.30111,19.97944,220.8773,221.0401,0.278995,25349.8
2021-03-19 03:05:31,19.635,19.442220000000002,19.29055,19.96944,220.8361,221.0501,0.28552,25349.8
2021-03-19 03:06:31,19.635,19.445,19.28278,19.96667,220.8598,221.0576,0.28551,25349.8
2021-03-19 03:07:31,19.63,19.445,19.29055,19.96444,220.8298,221.0701,0.27899,25349.8
2021-03-19 03:08:31,19.63,19.442220000000002,19.28555,19.96167,220.8273,221.0376,0.28552,25349.8
2021-03-19 03:09:34,19.63277,19.447779999999998,19.29055,19.97222,220.8598,221.0375,0.27899,25349.8
2021-03-19 03:10:34,19.63,19.442220000000002,19.28278,19.97222,220.8273,221.045,0.29154,25349.8
2021-03-19 03:11:34,19.63,19.44,19.28833,19.96167,220.8674,221.0475,0.285515,25349.8
2021-03-19 03:12:34,19.63,19.43222,19.28555,19.96667,220.8248,221.0513,0.278995,25349.8
2021-03-19 03:13:34,19.62,19.43722,19.27778,19.96444,220.8235,221.0276,0.291535,25349.8
2021-03-19 03:14:37,19.635,19.447779999999998,19.28056,19.977220000000003,220.8461,221.0451,0.27899,25349.8
2021-03-19 03:15:37,19.635,19.445,19.27778,19.96667,220.8297,221.0551,0.28552,25349.8
2021-03-19 03:16:37,19.622220000000002,19.43722,19.27778,19.956670000000003,220.8748,221.0826,0.285515,25349.8
2021-03-19 03:17:37,19.63,19.43722,19.27778,19.96167,220.8436,221.0575,0.285515,25349.8
2021-03-19 03:18:37,19.63,19.445,19.29055,19.96667,220.8336,221.0475,0.278995,25349.8
2021-03-19 03:19:37,19.625,19.435,19.28278,19.96444,220.8223,221.0576,0.28551,25349.8
2021-03-19 03:20:40,19.622220000000002,19.43222,19.27555,19.953889999999998,220.8574,221.0426,0.279,25349.8
2021-03-19 03:21:40,19.627779999999998,19.43222,19.28056,19.956670000000003,220.8098,221.0401,0.285515,25349.8
2021-03-19 03:22:40,19.625,19.43222,19.27555,19.95889,220.7922,221.0376,0.285515,25349.8
2021-03-19 03:23:40,19.63,19.44,19.27,19.96444,220.8485,221.0376,0.28551,25349.8
2021-03-19 03:24:40,19.622220000000002,19.43722,19.272779999999997,19.95889,220.8498,221.0626,0.285515,25349.8
2021-03-19 03:25:40,19.63,19.435,19.29055,19.96944,220.8148,221.0551,0.285525,25349.8
2021-03-19 03:26:40,19.63277,19.43722,19.28278,19.97222,220.8573,221.045,0.278995,25349.8
2021-03-19 03:27:43,19.61722,19.435,19.27555,19.95889,220.8485,221.0476,0.27899,25349.8
2021-03-19 03:28:43,19.61444,19.42444,19.27,19.953889999999998,220.8336,221.0326,0.285515,25349.8
2021-03-19 03:29:43,19.625,19.43222,19.265,19.95167,220.7897,221.035,0.27899,25349.8
2021-03-19 03:30:43,19.61722,19.41666,19.272779999999997,19.953889999999998,220.8598,221.015,0.278995,25349.8
2021-03-19 03:31:43,19.622220000000002,19.435,19.27,19.95167,220.8223,221.0601,0.285515,25349.8
2021-03-19 03:32:43,19.61444,19.435,19.27778,19.95889,220.8297,221.0501,0.28552,25349.8
2021-03-19 03:33:43,19.60944,19.421670000000002,19.26778,19.953889999999998,220.8122,221.0451,0.29153,25349.8
2021-03-19 03:34:43,19.61722,19.42444,19.272779999999997,19.953889999999998,220.7972,221.0426,0.28552,25349.8
2021-03-19 03:35:46,19.61222,19.421670000000002,19.27,19.95167,220.826,221.0626,0.285515,25349.8
2021-03-19 03:36:46,19.61722,19.43222,19.272779999999997,19.956670000000003,220.8373,221.0488,0.278995,25349.8
2021-03-19 03:37:46,19.60722,19.41945,19.265,19.94389,220.8123,221.05,0.28552,25349.8
2021-03-19 03:38:46,19.61444,19.42444,19.26778,19.956670000000003,220.8323,221.0451,0.28552,25349.8
2021-03-19 03:39:46,19.60944,19.427220000000002,19.26,19.941110000000002,220.8173,221.0476,0.28552,25349.8
2021-03-19 03:40:49,19.61722,19.427220000000002,19.265,19.95167,220.7835,221.0451,0.28552,25349.8
2021-03-19 03:41:49,19.60944,19.421670000000002,19.265,19.953889999999998,220.7747,221.0275,0.285515,25349.8
2021-03-19 03:42:49,19.60944,19.42444,19.272779999999997,19.953889999999998,220.8023,221.04,0.285515,25349.8
2021-03-19 03:43:49,19.60444,19.421670000000002,19.26778,19.95167,220.7947,221.04,0.28552,25349.8
2021-03-19 03:44:49,19.60166,19.41666,19.255,19.93611,220.816,221.0526,0.2855,25349.8
2021-03-19 03:45:49,19.61444,19.421670000000002,19.26778,19.941110000000002,220.776,221.03,0.27899,25349.8
2021-03-19 03:46:52,19.61444,19.427220000000002,19.265,19.94389,220.801,221.035,0.28552,25349.8
2021-03-19 03:47:52,19.60944,19.42444,19.262220000000003,19.94611,220.7972,221.0463,0.28552,25349.8
2021-03-19 03:48:52,19.60444,19.421670000000002,19.262220000000003,19.941110000000002,220.7973,221.0426,0.27297,25349.8
2021-03-19 03:49:52,19.60444,19.41389,19.26,19.94389,220.8373,221.0475,0.285515,25349.8
2021-03-19 03:50:52,19.60444,19.421670000000002,19.25222,19.941110000000002,220.7822,221.0476,0.27899,25349.8
2021-03-19 03:51:52,19.599439999999998,19.41389,19.255,19.941110000000002,220.8123,221.0401,0.28551,25349.8
2021-03-19 03:52:55,19.599439999999998,19.40889,19.255,19.941110000000002,220.811,221.0325,0.278995,25349.8
2021-03-19 03:53:55,19.60166,19.41389,19.255,19.941110000000002,220.7759,221.0426,0.279,25349.8
2021-03-19 03:54:55,19.599439999999998,19.41167,19.255,19.94389,220.7634,221.0175,0.27899,25349.8
2021-03-19 03:55:55,19.60166,19.41389,19.255,19.933329999999998,220.7647,221.035,0.278985,25349.8
2021-03-19 03:56:55,19.599439999999998,19.40889,19.25222,19.941110000000002,220.7684,221.0426,0.278995,25349.8
2021-03-19 03:57:58,19.58889,19.41389,19.24444,19.93611,220.7897,221.0401,0.278995,25349.8
2021-03-19 03:58:58,19.59389,19.41167,19.247220000000002,19.93111,220.8023,221.0325,0.285515,25349.8
2021-03-19 03:59:58,19.60166,19.41945,19.25222,19.93833,220.7997,221.0301,0.279,25349.8
2021-03-19 04:00:58,19.59167,19.41167,19.247220000000002,19.93611,220.786,221.0376,0.278995,25349.8
2021-03-19 04:01:58,19.59667,19.41666,19.24444,19.93833,220.7722,221.035,0.278995,25349.8
2021-03-19 04:03:01,19.586660000000002,19.406670000000002,19.241670000000003,19.92834,220.751,221.0275,0.27899,25349.8
2021-03-19 04:04:01,19.59167,19.398889999999998,19.23944,19.92555,220.796,221.05,0.29154,25349.8
2021-03-19 04:05:01,19.58889,19.406670000000002,19.23944,19.92834,220.7622,221.0426,0.278995,25349.8
2021-03-19 04:06:01,19.586660000000002,19.40389,19.23667,19.92333,220.7709,221.0275,0.285515,25349.8
2021-03-19 04:07:01,19.58889,19.40889,19.23445,19.92333,220.7784,221.045,0.285515,25349.8
2021-03-19 04:08:01,19.57333,19.38833,19.226670000000002,19.91555,220.7898,221.0626,0.27899,25349.8
2021-03-19 04:09:04,19.58389,19.398889999999998,19.23445,19.920560000000002,220.7572,221.0475,0.285515,25349.8
2021-03-19 04:10:04,19.59167,19.406670000000002,19.23445,19.92333,220.7735,221.0125,0.27899,25349.8
2021-03-19 04:11:04,19.578889999999998,19.39333,19.226670000000002,19.912779999999998,220.7772,221.0401,0.28552,25349.8
2021-03-19 04:12:04,19.58111,19.406670000000002,19.23667,19.92555,220.7697,221.0325,0.28552,25349.8
2021-03-19 04:13:04,19.58111,19.40111,19.23667,19.92333,220.7171,221.0275,0.28552,25349.8
2021-03-19 04:14:04,19.58389,19.39611,19.23445,19.91055,220.7359,221.0476,0.285515,25349.8
2021-03-19 04:15:07,19.58111,19.398889999999998,19.23445,19.91778,220.771,221.0325,0.278995,25349.8
2021-03-19 04:16:07,19.578889999999998,19.40111,19.23944,19.92834,220.7535,221.0275,0.278995,25349.8
2021-03-19 04:17:07,19.57611,19.39611,19.23667,19.92333,220.7597,221.0401,0.27899,25349.8
2021-03-19 04:18:07,19.57611,19.40389,19.241670000000003,19.92333,220.766,221.0326,0.278995,25349.8
2021-03-19 04:19:07,19.59389,19.40889,19.24444,19.94389,220.7834,221.0401,0.28552,25349.8
2021-03-19 04:20:07,19.558329999999998,19.37833,19.21611,19.905,220.7885,221.045,0.285515,25349.8
2021-03-19 04:21:07,19.57611,19.39111,19.23167,19.912779999999998,220.7422,221.0513,0.27297,25349.8
2021-03-19 04:22:07,19.57611,19.39333,19.23167,19.920560000000002,220.7535,221.05,0.28552,25349.8
2021-03-19 04:23:07,19.57611,19.398889999999998,19.23167,19.91055,220.7547,221.035,0.27899,25349.8
2021-03-19 04:24:10,19.57333,19.40389,19.23167,19.920560000000002,220.7948,221.0325,0.28551,25349.8
2021-03-19 04:25:10,19.578889999999998,19.39111,19.23667,19.91778,220.7296,221.0275,0.285515,25349.8
2021-03-19 04:26:10,19.57611,19.39111,19.22389,19.912779999999998,220.7847,221.0425,0.27297,25349.8
2021-03-19 04:27:10,19.58389,19.40389,19.23445,19.92555,220.7835,221.03,0.291545,25349.8
2021-03-19 04:28:10,19.56833,19.386110000000002,19.21889,19.91055,220.7509,221.0526,0.278995,25349.8
2021-03-19 04:29:10,19.56833,19.39111,19.22389,19.91555,220.7685,221.0301,0.278995,25349.8
2021-03-19 04:30:13,19.57611,19.38833,19.22389,19.91055,220.7422,221.0463,0.278995,25349.8
2021-03-19 04:31:13,19.57111,19.386110000000002,19.22389,19.91555,220.7297,221.0551,0.285515,25349.8
2021-03-19 04:32:13,19.56556,19.38833,19.22389,19.90778,220.7397,221.025,0.27297,25349.8
2021-03-19 04:33:13,19.57111,19.398889999999998,19.22889,19.920560000000002,220.8072,221.0601,0.272975,25349.8
2021-03-19 04:34:13,19.57111,19.386110000000002,19.22389,19.90778,220.7346,221.0226,0.28552,25349.8
2021-03-19 04:35:13,19.56833,19.38833,19.22111,19.912779999999998,220.7384,221.03,0.278985,25349.8
2021-03-19 04:36:16,19.56055,19.38833,19.21889,19.912779999999998,220.7697,221.0576,0.278985,25349.8
2021-03-19 04:37:16,19.56333,19.386110000000002,19.21889,19.91055,220.7409,221.035,0.278995,25349.8
2021-03-19 04:38:16,19.56055,19.38833,19.21889,19.91055,220.7322,221.0225,0.285515,25349.8
2021-03-19 04:39:16,19.56333,19.383329999999997,19.22389,19.90778,220.7209,221.0175,0.28552,25349.8
2021-03-19 04:40:16,19.56833,19.386110000000002,19.22889,19.91055,220.7684,221.0301,0.279,25349.8
2021-03-19 04:41:19,19.57111,19.383329999999997,19.22389,19.90778,220.7047,221.0401,0.29154,25349.8
2021-03-19 04:42:19,19.56333,19.386110000000002,19.21389,19.90278,220.7534,221.0126,0.278995,25349.8
2021-03-19 04:43:19,19.56556,19.383329999999997,19.22111,19.905,220.7284,221.0351,0.278995,25349.8
2021-03-19 04:44:19,19.55555,19.37556,19.21389,19.89722,220.7947,221.0276,0.28551,25349.8
2021-03-19 04:45:19,19.56556,19.383329999999997,19.21889,19.90778,220.7572,221.03,0.279,25349.8
2021-03-19 04:46:19,19.56055,19.383329999999997,19.21889,19.90278,220.7159,221.025,0.278995,25349.8
2021-03-19 04:47:19,19.56333,19.38056,19.21611,19.90278,220.7697,221.0276,0.28552,25349.8
2021-03-19 04:48:22,19.56333,19.38056,19.21611,19.89722,220.7346,221.02,0.279,25349.8
2021-03-19 04:49:22,19.56055,19.386110000000002,19.21889,19.905,220.771,221.025,0.27899,25349.8
2021-03-19 04:50:22,19.56055,19.383329999999997,19.21889,19.9,220.7547,221.03,0.285515,25349.8
2021-03-19 04:51:22,19.56333,19.38056,19.21889,19.90278,220.7296,221.0325,0.285515,25349.8
2021-03-19 04:52:22,19.55056,19.37556,19.21111,19.9,220.7322,221.015,0.279005,25349.8
2021-03-19 04:53:25,19.558329999999998,19.383329999999997,19.21389,19.9,220.7797,221.0125,0.28552,25349.8
2021-03-19 04:54:25,19.558329999999998,19.38056,19.21889,19.9,220.7234,221.0225,0.278995,25349.8
2021-03-19 04:55:25,19.55278,19.37055,19.20833,19.89722,220.7272,221.0413,0.28552,25349.8
2021-03-19 04:56:25,19.55056,19.37833,19.20833,19.9,220.7384,221.0201,0.278995,25349.8
2021-03-19 04:57:25,19.55555,19.37556,19.20833,19.89,220.7622,221.0188,0.278995,25349.8
2021-03-19 04:58:25,19.54778,19.37556,19.203329999999998,19.892220000000002,220.7547,221.0126,0.278995,25349.8
2021-03-19 04:59:25,19.55278,19.37556,19.20611,19.884439999999998,220.7635,221.015,0.28552,25349.8
2021-03-19 05:00:28,19.54778,19.37055,19.203329999999998,19.887220000000003,220.7046,221.0276,0.29154,25349.8
2021-03-19 05:01:28,19.54778,19.37278,19.20833,19.895,220.7146,221.02,0.27899,25349.8
2021-03-19 05:02:28,19.54778,19.37055,19.203329999999998,19.89,220.7297,221.0226,0.28552,25349.8
2021-03-19 05:03:28,19.54778,19.36778,19.20055,19.88222,220.7297,221.0238,0.28552,25349.8
2021-03-19 05:04:28,19.54,19.36778,19.19556,19.87944,220.7271,221.035,0.28552,25349.8
2021-03-19 05:05:31,19.54278,19.37055,19.20833,19.887220000000003,220.7071,221.03,0.28552,25349.8
2021-03-19 05:06:31,19.55555,19.37556,19.20055,19.892220000000002,220.7021,221.0263,0.278995,25349.8
2021-03-19 05:07:31,19.545,19.37055,19.203329999999998,19.887220000000003,220.7334,221.0226,0.278995,25349.8
2021-03-19 05:08:31,19.537779999999998,19.365560000000002,19.19333,19.87944,220.7497,221.0301,0.29154,25349.8
2021-03-19 05:09:31,19.545,19.37055,19.203329999999998,19.88222,220.7847,221.0376,0.278995,25349.8
2021-03-19 05:10:31,19.537779999999998,19.36778,19.19056,19.87944,220.7322,221.0251,0.29154,25349.8
2021-03-19 05:11:31,19.54,19.36778,19.19556,19.87944,220.7234,221.015,0.285525,25349.8
2021-03-19 05:12:34,19.54,19.36,19.19556,19.87944,220.7272,221.025,0.285515,25349.8
2021-03-19 05:13:34,19.545,19.362779999999997,19.19333,19.88222,220.7209,221.0301,0.278995,25349.8
2021-03-19 05:14:34,19.545,19.37055,19.19556,19.88222,220.7134,221.0176,0.278995,25349.8
2021-03-19 05:15:34,19.535,19.365560000000002,19.19333,19.87667,220.7247,221.0125,0.278995,25349.8
2021-03-19 05:16:34,19.535,19.365560000000002,19.19056,19.88222,220.6771,221.0251,0.285525,25349.8
2021-03-19 05:17:34,19.537779999999998,19.362779999999997,19.18555,19.88222,220.6871,221.0212,0.27899,25349.8
2021-03-19 05:18:37,19.53,19.365560000000002,19.18555,19.86944,220.7247,221.0151,0.291545,25349.8
2021-03-19 05:19:37,19.535,19.365560000000002,19.19056,19.87444,220.7347,221.0251,0.27899,25349.8
2021-03-19 05:20:37,19.535,19.357779999999998,19.18555,19.87167,220.7572,221.0225,0.28552,25349.8
2021-03-19 05:21:37,19.532220000000002,19.357779999999998,19.18,19.86167,220.6884,221.0175,0.291545,25349.8
2021-03-19 05:22:40,19.54778,19.362779999999997,19.18555,19.863889999999998,220.7496,221.0251,0.27298,25349.8
2021-03-19 05:23:40,19.53,19.357779999999998,19.175,19.866670000000003,220.7021,221.025,0.279,25349.8
2021-03-19 05:24:40,19.53,19.357779999999998,19.17278,19.866670000000003,220.7097,221.0125,0.285515,25349.8
2021-03-19 05:25:40,19.532220000000002,19.355,19.17278,19.866670000000003,220.6846,221.0275,0.27899,25349.8
2021-03-19 05:26:40,19.532220000000002,19.36,19.175,19.85889,220.7797,221.0251,0.285525,25349.8
2021-03-19 05:27:43,19.52222,19.345,19.17,19.85889,220.6884,221.0151,0.278995,25349.8
2021-03-19 05:28:43,19.53,19.34722,19.17,19.85889,220.6921,221.0225,0.28552,25349.8
2021-03-19 05:29:43,19.53,19.34722,19.165,19.851110000000002,220.6896,221.02,0.278995,25349.8
2021-03-19 05:30:43,19.52722,19.352220000000003,19.17,19.851110000000002,220.6721,221.02,0.285515,25349.8
2021-03-19 05:31:43,19.52722,19.355,19.16222,19.85889,220.7197,221.0075,0.278995,25349.8
2021-03-19 05:32:43,19.52722,19.357779999999998,19.17278,19.851110000000002,220.6446,221.0075,0.278995,25349.8
2021-03-19 05:33:46,19.52222,19.35,19.157220000000002,19.85389,220.7422,221.0275,0.27899,25349.8
2021-03-19 05:34:46,19.52222,19.357779999999998,19.157220000000002,19.85611,220.6421,221.0175,0.279,25349.8
2021-03-19 05:35:46,19.517220000000002,19.34722,19.157220000000002,19.848329999999997,220.6921,221.0201,0.28552,25349.8
2021-03-19 05:36:46,19.51444,19.345,19.15444,19.843329999999998,220.6771,221.0262,0.278995,25349.8
2021-03-19 05:37:46,19.517220000000002,19.355,19.15944,19.848329999999997,220.6846,221.0125,0.278995,25349.8
2021-03-19 05:38:46,19.51444,19.34222,19.157220000000002,19.848329999999997,220.697,221.01,0.278995,25349.8
2021-03-19 05:39:49,19.511670000000002,19.35,19.15222,19.848329999999997,220.7046,221.0151,0.272975,25349.8
2021-03-19 05:40:49,19.517220000000002,19.337220000000002,19.14666,19.84611,220.7159,221.015,0.266955,25349.8
2021-03-19 05:41:49,19.511670000000002,19.345,19.15944,19.84611,220.7046,221.0,0.27298,25349.8
2021-03-19 05:42:49,19.50667,19.34222,19.14944,19.84111,220.7008,221.0225,0.285515,25349.8
2021-03-19 05:43:49,19.52444,19.35,19.17,19.86167,220.6996,221.01,0.278995,25349.8
2021-03-19 05:44:49,19.511670000000002,19.337220000000002,19.15222,19.84111,220.6521,221.0113,0.28552,25349.8
2021-03-19 05:45:49,19.51444,19.33944,19.15944,19.848329999999997,220.6721,221.0175,0.28552,25349.8
2021-03-19 05:46:52,19.511670000000002,19.33445,19.15944,19.83833,220.7097,221.0201,0.297565,25349.8
2021-03-19 05:47:52,19.50389,19.34222,19.15444,19.84611,220.6758,221.015,0.279,25349.8
2021-03-19 05:48:52,19.50389,19.33944,19.14944,19.843329999999998,220.6521,221.015,0.285515,25349.8
2021-03-19 05:49:52,19.51444,19.34222,19.15944,19.851110000000002,220.7222,221.0263,0.297575,25349.8
2021-03-19 05:50:52,19.511670000000002,19.33944,19.157220000000002,19.84111,220.667,221.01,0.28552,25349.8
2021-03-19 05:51:52,19.50167,19.33445,19.14666,19.83833,220.6972,221.0225,0.278995,25349.8
2021-03-19 05:52:52,19.509439999999998,19.34222,19.14944,19.848329999999997,220.6546,221.015,0.28552,25349.8
2021-03-19 05:53:52,19.51444,19.34222,19.15944,19.848329999999997,220.6921,221.0151,0.278995,25349.8
2021-03-19 05:54:52,19.50167,19.331670000000003,19.14666,19.830560000000002,220.6972,221.0301,0.28552,25349.8
2021-03-19 05:55:52,19.50167,19.33445,19.15222,19.83833,220.6708,221.0125,0.285515,25349.8
2021-03-19 05:56:52,19.50389,19.33445,19.15444,19.83556,220.7209,221.0126,0.28552,25349.8
2021-03-19 05:57:52,19.49389,19.32444,19.14666,19.83556,220.7121,221.0075,0.278995,25349.8
2021-03-19 05:58:52,19.509439999999998,19.33944,19.157220000000002,19.848329999999997,220.6683,221.01,0.285515,25349.8
2021-03-19 05:59:52,19.50167,19.32667,19.14444,19.84111,220.6758,221.0125,0.278995,25349.8
2021-03-19 06:00:52,19.50167,19.33445,19.14444,19.827779999999997,220.6496,221.0262,0.278995,25349.8
2021-03-19 06:01:52,19.49889,19.337220000000002,19.14944,19.83556,220.6433,221.0076,0.28552,25349.8
2021-03-19 06:02:52,19.50667,19.33445,19.14944,19.827779999999997,220.7234,221.0225,0.285525,25349.8
2021-03-19 06:03:55,19.49889,19.32667,19.14444,19.83333,220.6959,221.015,0.28552,25349.8
2021-03-19 06:04:55,19.49667,19.32667,19.13889,19.830560000000002,220.6345,221.0037,0.278995,25349.8
2021-03-19 06:05:55,19.49667,19.329439999999998,19.14167,19.83556,220.6433,221.005,0.285515,25349.8
2021-03-19 06:06:55,19.49667,19.32444,19.13889,19.827779999999997,220.7046,221.0125,0.291545,25349.8
2021-03-19 06:07:55,19.49111,19.32166,19.136670000000002,19.830560000000002,220.6934,221.0175,0.279005,25349.8
2021-03-19 06:08:55,19.49389,19.32166,19.136670000000002,19.822779999999998,220.7122,221.0075,0.278995,25349.8
2021-03-19 06:09:58,19.488889999999998,19.32166,19.13889,19.82555,220.6658,221.0075,0.29154,25349.8
2021-03-19 06:10:58,19.49667,19.32166,19.136670000000002,19.827779999999997,220.6508,221.0051,0.28552,25349.8
2021-03-19 06:11:58,19.50167,19.329439999999998,19.136670000000002,19.830560000000002,220.6483,221.0125,0.285515,25349.8
2021-03-19 06:12:58,19.488889999999998,19.32166,19.136670000000002,19.827779999999997,220.632,221.0075,0.28552,25349.8
2021-03-19 06:13:58,19.48611,19.32166,19.13389,19.82056,220.7146,221.0051,0.28552,25349.8
2021-03-19 06:14:58,19.488889999999998,19.32166,19.14167,19.82056,220.6971,221.0075,0.279005,25349.8
2021-03-19 06:15:58,19.48333,19.31666,19.13111,19.82056,220.6195,221.015,0.285525,25349.8
2021-03-19 06:17:01,19.48111,19.32166,19.13389,19.82056,220.6733,221.0125,0.28553,25349.8
2021-03-19 06:18:01,19.48333,19.31111,19.12889,19.82056,220.6759,221.015,0.279,25349.8
2021-03-19 06:19:01,19.488889999999998,19.31666,19.136670000000002,19.82555,220.6283,221.0025,0.285525,25349.8
2021-03-19 06:20:01,19.48611,19.32166,19.136670000000002,19.822779999999998,220.6483,221.0025,0.28552,25349.8
2021-03-19 06:21:01,19.47833,19.31111,19.12611,19.81278,220.6796,221.005,0.279,25349.8
2021-03-19 06:22:04,19.48333,19.30611,19.13389,19.81778,220.6383,221.0113,0.285515,25349.8
2021-03-19 06:23:04,19.47055,19.308889999999998,19.12611,19.81278,220.6183,221.0,0.28552,25349.8
2021-03-19 06:24:04,19.48611,19.32444,19.136670000000002,19.82555,220.6959,221.0126,0.278985,25349.8
2021-03-19 06:25:04,19.48611,19.31889,19.13389,19.822779999999998,220.6283,221.01,0.278995,25349.8
2021-03-19 06:26:04,19.488889999999998,19.32667,19.136670000000002,19.822779999999998,220.6333,221.0025,0.272975,25349.8
2021-03-19 06:27:04,19.468329999999998,19.30111,19.113329999999998,19.802220000000002,220.7322,221.0151,0.28551,25349.8
2021-03-19 06:28:04,19.49111,19.32166,19.14167,19.827779999999997,220.6496,221.0075,0.279005,25349.8
2021-03-19 06:29:07,19.48333,19.31111,19.12889,19.815,220.6972,221.01,0.28552,25349.8
2021-03-19 06:30:07,19.47833,19.31111,19.12889,19.80722,220.6546,221.0212,0.29154,25349.8
2021-03-19 06:31:07,19.47055,19.30111,19.113329999999998,19.805,220.6182,221.0,0.29154,25349.8
2021-03-19 06:32:07,19.45555,19.28555,19.10333,19.794439999999998,220.7096,221.0276,0.278985,25349.8
2021-03-19 06:33:07,19.476110000000002,19.30611,19.12389,19.81,220.6521,221.0025,0.285525,25349.8
2021-03-19 06:34:10,19.468329999999998,19.30111,19.12111,19.81,220.612,221.0138,0.28552,25349.8
2021-03-19 06:35:10,19.47334,19.30611,19.12889,19.805,220.6483,221.0063,0.28552,25349.8
2021-03-19 06:36:10,19.48611,19.31389,19.13389,19.82056,220.7397,221.0075,0.279005,25349.8
2021-03-19 06:37:10,19.48111,19.31389,19.12611,19.81,220.7047,221.005,0.28552,25349.8
2021-03-19 06:38:10,19.488889999999998,19.31666,19.13889,19.822779999999998,220.6771,221.0075,0.278995,25349.8
2021-03-19 06:39:10,19.468329999999998,19.30389,19.12111,19.81,220.6621,221.0,0.279,25349.8
2021-03-19 06:40:10,19.47334,19.29833,19.11611,19.8,220.6245,221.015,0.279,25349.8
2021-03-19 06:41:13,19.47833,19.31111,19.12889,19.80722,220.6158,221.0025,0.27298,25349.8
2021-03-19 06:42:13,19.46278,19.29833,19.12111,19.80722,220.6708,221.0075,0.279,25349.8
2021-03-19 06:43:13,19.47055,19.30111,19.12389,19.802220000000002,220.6396,221.0076,0.27899,25349.8
2021-03-19 06:44:13,19.46556,19.296110000000002,19.11611,19.805,220.5607,220.9975,0.27298,25349.8
2021-03-19 06:45:13,19.46055,19.29055,19.11056,19.805,220.6771,221.0313,0.278985,25349.8
2021-03-19 06:46:13,19.45555,19.28833,19.113329999999998,19.78666,220.7247,221.015,0.272975,25349.8
2021-03-19 06:47:13,19.46055,19.29055,19.11056,19.8,220.6445,220.995,0.28552,25349.8
2021-03-19 06:48:13,19.46055,19.29833,19.113329999999998,19.794439999999998,220.6183,221.0025,0.279,25349.8
2021-03-19 06:49:16,19.45555,19.28555,19.11056,19.797220000000003,220.6233,221.0013,0.28552,25349.8
2021-03-19 06:50:16,19.45778,19.29055,19.10555,19.794439999999998,220.6446,221.01,0.291545,25349.8
2021-03-19 06:51:16,19.45778,19.296110000000002,19.11611,19.802220000000002,220.7272,220.995,0.279,25349.8
2021-03-19 06:52:16,19.46278,19.296110000000002,19.11833,19.805,220.6558,221.01,0.28552,25349.8
2021-03-19 06:53:16,19.45,19.272779999999997,19.10333,19.79222,220.6346,221.015,0.285515,25349.8
2021-03-19 06:54:16,19.468329999999998,19.296110000000002,19.11833,19.797220000000003,220.6246,221.0075,0.278995,25349.8
2021-03-19 06:55:19,19.47334,19.30611,19.12611,19.805,220.5833,221.005,0.279,25349.8
2021-03-19 06:56:19,19.476110000000002,19.30389,19.12611,19.81,220.6408,221.0075,0.27298,25349.8
2021-03-19 06:57:19,19.46055,19.28833,19.113329999999998,19.79222,220.6396,221.0025,0.278995,25349.8
2021-03-19 06:58:19,19.46278,19.296110000000002,19.113329999999998,19.794439999999998,220.607,221.0076,0.279,25349.8
2021-03-19 06:59:19,19.46556,19.296110000000002,19.11833,19.8,220.5995,221.005,0.285525,25349.8
2021-03-19 07:00:19,19.468329999999998,19.30111,19.11611,19.802220000000002,220.6784,221.0175,0.285525,25349.8
2021-03-19 07:01:22,19.45778,19.296110000000002,19.113329999999998,19.797220000000003,220.6083,221.0,0.279,25349.8
2021-03-19 07:02:22,19.452779999999997,19.28278,19.10555,19.79222,220.5983,221.0,0.291545,25349.8
2021-03-19 07:03:22,19.45,19.27778,19.10833,19.77944,220.6295,220.9975,0.285515,25349.8
2021-03-19 07:04:22,19.46278,19.293329999999997,19.10555,19.8,220.5932,221.0025,0.279,25349.8
2021-03-19 07:05:22,19.452779999999997,19.28056,19.113329999999998,19.78666,220.6258,221.0101,0.29154,25349.8
2021-03-19 07:06:22,19.46278,19.293329999999997,19.113329999999998,19.802220000000002,220.6646,221.005,0.28554,25349.8
2021-03-19 07:07:25,19.45,19.28056,19.10333,19.79222,220.6771,221.0151,0.285515,25349.8
2021-03-19 07:08:25,19.447779999999998,19.27555,19.09556,19.77666,220.6771,221.005,0.28552,25349.8
2021-03-19 07:09:25,19.442220000000002,19.27778,19.092779999999998,19.781670000000002,220.667,221.005,0.285515,25349.8
2021-03-19 07:10:25,19.447779999999998,19.28056,19.10555,19.78666,220.5982,221.0,0.291545,25349.8
2021-03-19 07:11:25,19.442220000000002,19.28056,19.10055,19.781670000000002,220.5832,220.9949,0.285515,25349.8
2021-03-19 07:12:25,19.44,19.27555,19.10055,19.77166,220.5556,221.0075,0.285525,25349.8
2021-03-19 07:13:28,19.45,19.27778,19.10055,19.78444,220.6058,221.01,0.28552,25349.8
2021-03-19 07:14:28,19.45,19.27778,19.10333,19.77666,220.5745,220.9925,0.279005,25349.8
2021-03-19 07:15:28,19.445,19.272779999999997,19.09,19.77666,220.5858,220.9949,0.279,25349.8
2021-03-19 07:16:28,19.45778,19.28056,19.10055,19.78666,220.6208,221.0225,0.28553,25349.8
2021-03-19 07:17:28,19.44,19.272779999999997,19.08778,19.77666,220.5582,221.01,0.285525,25349.8
2021-03-19 07:18:28,19.447779999999998,19.27555,19.092779999999998,19.77944,220.592,221.005,0.28552,25349.8
2021-03-19 07:19:31,19.44,19.26778,19.08778,19.77166,220.6596,221.015,0.278985,25349.8
2021-03-19 07:20:31,19.43222,19.265,19.075,19.761110000000002,220.6571,221.0025,0.278995,25349.8
2021-03-19 07:21:31,19.43722,19.265,19.085,19.76889,220.6095,221.0,0.285515,25349.8
2021-03-19 07:22:31,19.42944,19.262220000000003,19.08,19.76889,220.6333,220.9924,0.285515,25349.8
2021-03-19 07:23:31,19.44,19.265,19.08778,19.773889999999998,220.587,220.9988,0.27899,25349.8
2021-03-19 07:24:31,19.43222,19.27555,19.09,19.773889999999998,220.5632,220.9975,0.28552,25349.8
2021-03-19 07:25:31,19.435,19.26778,19.08778,19.77944,220.5081,221.005,0.279,25349.8
2021-03-19 07:26:34,19.435,19.265,19.085,19.77166,220.5394,221.0,0.28552,25349.8
2021-03-19 07:27:34,19.44,19.27,19.08778,19.76889,220.5594,221.0125,0.285515,25349.8
2021-03-19 07:28:34,19.44,19.27,19.07722,19.76611,220.6471,221.0025,0.29153,25349.8
2021-03-19 07:29:34,19.43722,19.272779999999997,19.09,19.77666,220.6684,221.01,0.28552,25349.8
2021-03-19 07:30:34,19.44,19.27,19.09,19.76611,220.5206,220.9975,0.28552,25349.8
2021-03-19 07:31:34,19.435,19.272779999999997,19.09,19.773889999999998,220.6271,220.9975,0.278995,25349.8
2021-03-19 07:32:34,19.44,19.27,19.09,19.773889999999998,220.5758,220.995,0.285525,25349.8
2021-03-19 07:33:37,19.42444,19.255,19.07722,19.76389,220.5244,221.0,0.28552,25349.8
2021-03-19 07:34:37,19.42944,19.26778,19.08278,19.773889999999998,220.5645,221.005,0.279,25349.8
2021-03-19 07:35:37,19.42444,19.25222,19.075,19.761110000000002,220.5432,221.005,0.279,25349.8
2021-03-19 07:36:37,19.45778,19.28278,19.09556,19.77666,220.5344,220.99,0.279,25349.8
2021-03-19 07:37:37,19.42944,19.25722,19.075,19.76611,220.5307,220.9925,0.278995,25349.8
2021-03-19 07:38:37,19.427220000000002,19.25722,19.08778,19.773889999999998,220.602,220.9899,0.28552,25349.8
2021-03-19 07:39:40,19.41945,19.25722,19.08,19.76611,220.5469,220.9975,0.28552,25349.8
2021-03-19 07:40:40,19.427220000000002,19.255,19.07722,19.76389,220.5769,220.9925,0.279005,25349.8
2021-03-19 07:41:40,19.43722,19.272779999999997,19.09556,19.77166,220.5332,220.9975,0.291545,25349.8
2021-03-19 07:42:40,19.435,19.26,19.09,19.76889,220.5006,220.9875,0.279,25349.8
2021-03-19 07:43:40,19.442220000000002,19.272779999999997,19.092779999999998,19.77666,220.5782,221.0051,0.29154,25349.8
2021-03-19 07:44:40,19.427220000000002,19.26,19.09,19.76611,220.5632,220.9924,0.285525,25349.8
2021-03-19 07:45:43,19.445,19.27,19.09556,19.77166,220.5219,220.9975,0.28552,25349.8
2021-03-19 07:46:43,19.435,19.26778,19.09778,19.76889,220.5406,220.99,0.285535,25349.8
2021-03-19 07:47:43,19.421670000000002,19.25722,19.07722,19.76611,220.5769,221.0025,0.29154,25349.8
2021-03-19 07:48:43,19.43722,19.265,19.092779999999998,19.77666,220.5319,220.995,0.29154,25349.8
2021-03-19 07:49:43,19.421670000000002,19.255,19.08778,19.761110000000002,220.5394,221.0025,0.285525,25349.8
2021-03-19 07:50:43,19.41389,19.25222,19.07222,19.75611,220.5231,220.9924,0.29155,25349.8
2021-03-19 07:51:46,19.427220000000002,19.26,19.08278,19.77166,220.5194,220.9975,0.279,25349.8
2021-03-19 07:52:46,19.43722,19.27778,19.092779999999998,19.77666,220.5269,221.01,0.278995,25349.8
2021-03-19 07:53:46,19.40889,19.23667,19.06944,19.74055,220.5933,221.0025,0.285515,25349.8
2021-03-19 07:54:46,19.42944,19.26,19.085,19.761110000000002,220.5006,220.9925,0.285515,25349.8
2021-03-19 07:55:46,19.41666,19.24444,19.07222,19.75611,220.5557,220.99,0.28552,25349.8
2021-03-19 07:56:49,19.41666,19.24944,19.08,19.761110000000002,220.582,221.0,0.291545,25349.8
2021-03-19 07:57:49,19.421670000000002,19.262220000000003,19.08278,19.75333,220.6045,221.0025,0.29154,25349.8
2021-03-19 07:58:49,19.40389,19.241670000000003,19.067220000000002,19.74555,220.5157,221.0013,0.279,25349.8
2021-03-19 07:59:49,19.406670000000002,19.23944,19.06944,19.74833,220.5507,220.995,0.291545,25349.8
2021-03-19 08:00:49,19.41945,19.26,19.08,19.76611,220.5607,221.015,0.279,25349.8
2021-03-19 08:01:49,19.40889,19.24444,19.06445,19.75111,220.5269,220.9925,0.272975,25349.8
2021-03-19 08:02:52,19.40889,19.24444,19.07222,19.74833,220.5607,220.9825,0.29154,25349.8
2021-03-19 08:03:52,19.40111,19.241670000000003,19.06445,19.74555,220.4894,220.9774,0.272975,25349.8
2021-03-19 08:04:52,19.42444,19.26,19.08278,19.76389,220.5219,221.0,0.285525,25349.8
2021-03-19 08:05:52,19.39611,19.22889,19.05667,19.74333,220.4881,220.9812,0.28552,25349.8
2021-03-19 08:06:52,19.42444,19.25722,19.08,19.76389,220.4806,220.9924,0.279,25349.8
2021-03-19 08:07:52,19.41167,19.241670000000003,19.06445,19.75333,220.6083,220.9975,0.278995,25349.8
2021-03-19 08:08:55,19.41666,19.247220000000002,19.06944,19.75611,220.5406,221.0,0.28552,25349.8
2021-03-19 08:09:55,19.41389,19.247220000000002,19.075,19.75333,220.4894,221.005,0.278995,25349.8
2021-03-19 08:10:55,19.41666,19.241670000000003,19.06944,19.75611,220.4831,220.9874,0.279005,25349.8
2021-03-19 08:11:55,19.41945,19.25222,19.07222,19.75611,220.5695,220.995,0.29155,25349.8
2021-03-19 08:12:55,19.40389,19.23667,19.06944,19.74833,220.5231,220.9875,0.272975,25349.8
2021-03-19 08:13:58,19.39333,19.226670000000002,19.06222,19.732779999999998,220.5257,220.995,0.285515,25349.8
2021-03-19 08:14:58,19.42444,19.26,19.085,19.76389,220.5081,220.9899,0.28552,25349.8
2021-03-19 08:15:58,19.40889,19.23667,19.06944,19.74833,220.5168,220.995,0.278995,25349.8
2021-03-19 08:16:58,19.406670000000002,19.23944,19.05944,19.74555,220.4981,220.9825,0.279,25349.8
2021-03-19 08:17:58,19.41167,19.241670000000003,19.06944,19.74833,220.5594,220.9875,0.278995,25349.8
2021-03-19 08:18:58,19.398889999999998,19.23167,19.06222,19.74555,220.5882,220.995,0.285525,25349.8
2021-03-19 08:20:01,19.398889999999998,19.226670000000002,19.06222,19.74055,220.5044,220.9988,0.28552,25349.8
2021-03-19 08:21:01,19.406670000000002,19.241670000000003,19.06222,19.75111,220.5169,220.9975,0.279,25349.8
2021-03-19 08:22:01,19.39611,19.23167,19.05667,19.732779999999998,220.5457,220.995,0.278995,25349.8
2021-03-19 08:23:01,19.40111,19.23445,19.06222,19.74333,220.4969,220.99,0.28552,25349.8
2021-03-19 08:24:01,19.406670000000002,19.23445,19.06445,19.74333,220.5044,220.9874,0.28552,25349.8
2021-03-19 08:25:01,19.39111,19.23445,19.05944,19.738329999999998,220.5394,220.9849,0.278995,25349.8
2021-03-19 08:26:04,19.406670000000002,19.23944,19.06222,19.74055,220.4918,220.9924,0.278995,25349.8
2021-03-19 08:27:04,19.40889,19.241670000000003,19.06445,19.75111,220.5144,221.0025,0.291545,25349.8
2021-03-19 08:28:04,19.39611,19.226670000000002,19.05944,19.73556,220.4969,220.9875,0.29154,25349.8
2021-03-19 08:29:04,19.39611,19.226670000000002,19.05444,19.732779999999998,220.5545,220.9949,0.279,25349.8
2021-03-19 08:30:04,19.39333,19.22111,19.05167,19.73556,220.5106,220.9975,0.278995,25349.8
2021-03-19 08:31:04,19.398889999999998,19.22111,19.05444,19.732779999999998,220.5056,220.995,0.291545,25349.8
2021-03-19 08:32:04,19.39333,19.22111,19.06222,19.73556,220.5845,221.0051,0.279005,25349.8
2021-03-19 08:33:07,19.38833,19.21889,19.04889,19.73055,220.547,220.9874,0.278995,25349.8
2021-03-19 08:34:07,19.39333,19.226670000000002,19.06445,19.732779999999998,220.597,220.985,0.285525,25349.8
2021-03-19 08:35:07,19.39333,19.22111,19.06222,19.73556,220.4844,220.9949,0.285525,25349.8
2021-03-19 08:36:07,19.40389,19.22889,19.06222,19.738329999999998,220.5131,220.9924,0.285515,25349.8
2021-03-19 08:37:07,19.40111,19.23667,19.067220000000002,19.74555,220.4894,220.9774,0.28552,25349.8
2021-03-19 08:38:10,19.39333,19.21611,19.05444,19.732779999999998,220.4619,220.995,0.285525,25349.8
2021-03-19 08:39:10,19.40111,19.22111,19.05944,19.73055,220.5106,220.9825,0.278995,25349.8
2021-03-19 08:40:10,19.398889999999998,19.23445,19.067220000000002,19.74055,220.5294,220.9925,0.278995,25349.8
2021-03-19 08:41:10,19.40111,19.23167,19.06445,19.74333,220.5144,220.99,0.279,25349.8
2021-03-19 08:42:10,19.39611,19.226670000000002,19.067220000000002,19.73556,220.4744,221.0,0.28552,25349.8
2021-03-19 08:43:10,19.386110000000002,19.22111,19.04889,19.73556,220.5294,220.9749,0.279,25349.8
2021-03-19 08:44:10,19.383329999999997,19.21389,19.046670000000002,19.72278,220.4681,220.9787,0.285525,25349.8
2021-03-19 08:45:10,19.386110000000002,19.22111,19.04889,19.73055,220.5132,220.9799,0.285525,25349.8
2021-03-19 08:46:13,19.398889999999998,19.23167,19.06445,19.74055,220.5707,221.0025,0.278995,25349.8
2021-03-19 08:47:13,19.39333,19.21889,19.05167,19.732779999999998,220.4743,220.995,0.28552,25349.8
2021-03-19 08:48:13,19.386110000000002,19.22111,19.04889,19.72778,220.5244,220.9825,0.279,25349.8
2021-03-19 08:49:13,19.39611,19.22389,19.05944,19.75111,220.4794,220.99,0.285525,25349.8
2021-03-19 08:50:13,19.40389,19.22889,19.06445,19.74333,220.5357,220.9874,0.28552,25349.8
2021-03-19 08:51:13,19.39333,19.21611,19.05944,19.725,220.5207,220.97,0.279005,25349.8
2021-03-19 08:52:13,19.38833,19.21389,19.05167,19.725,220.5019,220.9925,0.278995,25349.8
2021-03-19 08:53:16,19.38056,19.21389,19.04889,19.725,220.5144,220.9949,0.285515,25349.8
2021-03-19 08:54:16,19.38056,19.203329999999998,19.04389,19.72278,220.5457,220.9925,0.285515,25349.8
2021-03-19 08:55:16,19.38056,19.20055,19.046670000000002,19.725,220.4306,220.9888,0.28552,25349.8
2021-03-19 08:56:16,19.398889999999998,19.22889,19.06222,19.74333,220.5645,221.0013,0.279005,25349.8
2021-03-19 08:57:16,19.40111,19.226670000000002,19.06445,19.738329999999998,220.4706,220.9875,0.279,25349.8
2021-03-19 08:58:16,19.37556,19.20055,19.04389,19.715,220.5632,221.0051,0.28552,25349.8
2021-03-19 08:59:19,19.383329999999997,19.22111,19.05444,19.72778,220.4894,220.99,0.279,25349.8
2021-03-19 09:00:19,19.39333,19.21111,19.05667,19.732779999999998,220.4668,220.975,0.285525,25349.8
2021-03-19 09:01:19,19.398889999999998,19.22111,19.06944,19.74055,220.5132,220.9775,0.279,25349.8
2021-03-19 09:02:19,19.39111,19.203329999999998,19.05667,19.72778,220.4731,220.985,0.285525,25349.8
2021-03-19 09:03:19,19.398889999999998,19.22889,19.067220000000002,19.73556,220.5106,220.9975,0.279,25349.8
2021-03-19 09:04:19,19.40889,19.23667,19.07222,19.75333,220.4568,220.985,0.279,25349.8
2021-03-19 09:05:22,19.37833,19.20611,19.04389,19.717779999999998,220.5569,221.0,0.272975,25349.8
2021-03-19 09:06:22,19.37055,19.19833,19.02833,19.712220000000002,220.5369,221.0025,0.272955,25349.8
2021-03-19 09:07:22,19.38056,19.20611,19.05167,19.72778,220.4568,220.9925,0.285515,25349.8
2021-03-19 09:08:22,19.37556,19.203329999999998,19.046670000000002,19.72278,220.5107,220.9937,0.279005,25349.8
2021-03-19 09:09:22,19.40111,19.226670000000002,19.06222,19.74555,220.4981,220.9875,0.279,25349.8
2021-03-19 09:10:22,19.39111,19.20833,19.05444,19.73055,220.5119,220.9925,0.27297,25349.8
2021-03-19 09:11:22,19.398889999999998,19.22389,19.06445,19.74055,220.5757,220.99,0.279,25349.8
2021-03-19 09:12:25,19.38833,19.20833,19.05444,19.73556,220.4706,220.9975,0.272985,25349.8
2021-03-19 09:13:25,19.38056,19.20055,19.05167,19.72278,220.5319,220.995,0.285515,25349.8
2021-03-19 09:14:25,19.39333,19.21389,19.05944,19.73556,220.4681,220.9925,0.285525,25349.8
2021-03-19 09:15:25,19.37833,19.20611,19.05667,19.72278,220.4844,220.99,0.26696,25349.8
2021-03-19 09:16:25,19.39111,19.21389,19.06445,19.73556,220.4506,220.99,0.279,25349.8
2021-03-19 09:17:25,19.38056,19.20055,19.05444,19.72778,220.4831,220.9825,0.272975,25349.8
2021-03-19 09:18:28,19.383329999999997,19.20611,19.05444,19.732779999999998,220.4681,220.985,0.28552,25349.8
2021-03-19 09:19:28,19.37833,19.20055,19.06222,19.725,220.4355,220.9924,0.278995,25349.8
2021-03-19 09:20:28,19.37556,19.20055,19.05944,19.72,220.4681,220.9799,0.27298,25349.8
2021-03-19 09:21:28,19.38833,19.21611,19.06944,19.738329999999998,220.4906,220.995,0.279005,25349.8
2021-03-19 09:22:28,19.386110000000002,19.20611,19.05667,19.73556,220.4706,220.995,0.278995,25349.8
2021-03-19 09:23:28,19.386110000000002,19.20833,19.05944,19.73556,220.4819,220.9938,0.27298,25349.8
2021-03-19 09:24:31,19.383329999999997,19.20833,19.05944,19.73055,220.4944,220.9925,0.278995,25349.8
2021-03-19 09:25:31,19.386110000000002,19.20611,19.06445,19.738329999999998,220.5494,221.0,0.28552,25349.8
2021-03-19 09:26:31,19.386110000000002,19.21111,19.05944,19.74055,220.4731,220.99,0.279,25349.8
2021-03-19 09:27:31,19.386110000000002,19.20833,19.06445,19.73556,220.6158,221.0213,0.278985,25349.8
2021-03-19 09:28:31,19.37278,19.19556,19.05944,19.72778,220.5958,220.995,0.278985,25349.8
2021-03-19 09:29:34,19.383329999999997,19.20611,19.06222,19.73556,220.4969,220.985,0.278995,25349.8
2021-03-19 09:30:34,19.386110000000002,19.20055,19.067220000000002,19.73055,220.5095,220.9925,0.279,25349.8
2021-03-19 09:31:34,19.383329999999997,19.19833,19.05444,19.72278,220.5882,220.995,0.278985,25349.8
2021-03-19 09:32:34,19.39611,19.21889,19.075,19.74833,220.5594,220.985,0.285515,25349.8
2021-03-19 09:33:34,19.39333,19.21389,19.075,19.74555,220.5269,220.99,0.278995,25349.8
2021-03-19 09:34:34,19.386110000000002,19.20611,19.075,19.732779999999998,220.4906,220.98,0.279,25349.8
2021-03-19 09:35:37,19.38833,19.20833,19.06944,19.73556,220.4982,220.9875,0.278995,25349.8
2021-03-19 09:36:37,19.386110000000002,19.21389,19.06944,19.738329999999998,220.5219,220.9925,0.27297,25349.8
2021-03-19 09:37:37,19.383329999999997,19.19556,19.06445,19.73556,220.5131,220.995,0.278995,25349.8
2021-03-19 09:38:37,19.383329999999997,19.203329999999998,19.067220000000002,19.73556,220.5006,220.9874,0.272975,25349.8
2021-03-19 09:39:37,19.39111,19.203329999999998,19.07222,19.74055,220.4969,220.98,0.28552,25349.8
2021-03-19 09:40:40,19.398889999999998,19.21111,19.07722,19.75111,220.5419,220.9874,0.279,25349.8
2021-03-19 09:41:40,19.386110000000002,19.20055,19.07222,19.732779999999998,220.5495,220.995,0.279,25349.8
2021-03-19 09:42:40,19.386110000000002,19.20833,19.08,19.74833,220.5507,220.9874,0.279,25349.8
2021-03-19 09:43:40,19.39333,19.20611,19.07222,19.732779999999998,220.5519,220.9799,0.28552,25349.8
2021-03-19 09:44:40,19.39611,19.21111,19.08,19.74333,220.5469,220.9949,0.28552,25349.8
2021-03-19 09:45:43,19.39111,19.19833,19.07722,19.74555,220.5319,220.9874,0.272975,25349.8
2021-03-19 09:46:43,19.39333,19.20611,19.075,19.738329999999998,220.5382,220.99,0.272975,25349.8
2021-03-19 09:47:43,19.39111,19.20611,19.08,19.74055,220.5307,220.9875,0.27899,25349.8
2021-03-19 09:48:43,19.406670000000002,19.22389,19.092779999999998,19.75611,220.5444,220.99,0.279,25349.8
2021-03-19 09:49:43,19.38833,19.20611,19.075,19.74055,220.4493,220.9875,0.279,25349.8
2021-03-19 09:50:46,19.38833,19.20055,19.075,19.74333,220.5645,221.0,0.278995,25349.8
2021-03-19 09:51:46,19.38833,19.203329999999998,19.075,19.74333,220.5169,220.9975,0.28552,25349.8
2021-03-19 09:52:46,19.39111,19.20611,19.08278,19.75111,220.5657,220.9875,0.278995,25349.8
2021-03-19 09:53:46,19.39333,19.21111,19.08,19.74555,220.4982,220.9825,0.278995,25349.8
2021-03-19 09:54:46,19.398889999999998,19.203329999999998,19.08278,19.75889,220.5682,220.995,0.285525,25349.8
2021-03-19 09:55:46,19.38833,19.20055,19.07722,19.74055,220.5682,220.9875,0.278995,25349.8
2021-03-19 09:56:49,19.39111,19.20611,19.08278,19.74333,220.5832,220.9975,0.285515,25349.8
2021-03-19 09:57:49,19.40111,19.20833,19.09,19.75111,220.582,220.985,0.28552,25349.8
2021-03-19 09:58:49,19.40389,19.21111,19.092779999999998,19.75611,220.5582,220.9949,0.28552,25349.8
2021-03-19 09:59:49,19.40389,19.21389,19.09,19.75111,220.5544,221.0075,0.279,25349.8
2021-03-19 10:00:49,19.40389,19.21111,19.092779999999998,19.74833,220.5444,220.9925,0.279,25349.8
2021-03-19 10:01:52,19.398889999999998,19.20055,19.08778,19.75111,220.567,220.9962,0.278995,25349.8
2021-03-19 10:02:52,19.398889999999998,19.203329999999998,19.08778,19.75333,220.5582,220.9925,0.278995,25349.8
2021-03-19 10:03:52,19.386110000000002,19.19556,19.08278,19.74833,220.612,221.0025,0.28551,25349.8
2021-03-19 10:04:52,19.38833,19.19833,19.075,19.75333,220.6996,221.0012,0.272965,25349.8
2021-03-19 10:05:52,19.40111,19.20055,19.09,19.75611,220.5632,220.99,0.279,25349.8
2021-03-19 10:06:52,19.39333,19.19556,19.08778,19.75889,220.592,221.0,0.27899,25349.8
2021-03-19 10:07:55,19.39111,19.19333,19.085,19.74833,220.6783,221.0076,0.27898,25349.8
2021-03-19 10:08:55,19.39611,19.203329999999998,19.08778,19.75611,220.5858,220.9925,0.28552,25349.8
2021-03-19 10:09:55,19.39333,19.20055,19.09556,19.75889,220.5532,220.9975,0.28553,25349.8
2021-03-19 10:10:55,19.39111,19.19833,19.08278,19.75333,220.6508,221.0051,0.272975,25349.8
2021-03-19 10:11:55,19.40389,19.203329999999998,19.092779999999998,19.761110000000002,220.5895,221.0013,0.27899,25349.8
2021-03-19 10:12:55,19.40111,19.20055,19.092779999999998,19.75611,220.622,220.9975,0.278995,25349.8
2021-03-19 10:13:58,19.39333,19.19833,19.09778,19.75333,220.5444,221.015,0.278995,25349.8
2021-03-19 10:14:58,19.38833,19.19833,19.08778,19.75333,220.6658,220.995,0.285515,25349.8
2021-03-19 10:15:58,19.39611,19.19833,19.08778,19.75111,220.612,221.0,0.27298,25349.8
2021-03-19 10:16:58,19.406670000000002,19.20611,19.09556,19.761110000000002,220.6396,221.01,0.279,25349.8
2021-03-19 10:17:58,19.406670000000002,19.20055,19.09778,19.76389,220.6396,221.0075,0.27899,25349.8
2021-03-19 10:18:58,19.40889,19.21111,19.10333,19.76389,220.6408,221.0075,0.279005,25349.8
2021-03-19 10:20:01,19.40111,19.203329999999998,19.10333,19.76389,220.5982,220.9924,0.27899,25349.8
2021-03-19 10:21:01,19.39611,19.19333,19.092779999999998,19.75889,220.6758,221.0025,0.27898,25349.8
2021-03-19 10:22:01,19.39611,19.19833,19.09556,19.75611,220.5883,220.9949,0.278995,25349.8
2021-03-19 10:23:01,19.41167,19.20611,19.10333,19.761110000000002,220.622,220.995,0.278995,25349.8
2021-03-19 10:24:01,19.41167,19.21111,19.11056,19.76889,220.627,221.0025,0.278995,25349.8
2021-03-19 10:25:01,19.406670000000002,19.21111,19.10555,19.76611,220.6095,220.9925,0.28552,25349.8
2021-03-19 10:26:01,19.41167,19.203329999999998,19.10555,19.76389,220.6408,221.0075,0.27298,25349.8
2021-03-19 10:27:04,19.40111,19.203329999999998,19.10833,19.77166,220.6258,220.9975,0.272975,25349.8
2021-03-19 10:28:04,19.406670000000002,19.20611,19.10555,19.76889,220.6646,220.9949,0.278995,25349.8
2021-03-19 10:29:04,19.41167,19.21111,19.11056,19.76889,220.6308,221.005,0.27899,25349.8
2021-03-19 10:30:04,19.40389,19.20055,19.10333,19.77166,220.587,220.9925,0.27899,25349.8
2021-03-19 10:31:04,19.40889,19.21111,19.10833,19.77166,220.6533,221.0125,0.27899,25349.8
2021-03-19 10:32:04,19.41167,19.20611,19.11056,19.76889,220.6345,221.0,0.29154,25349.8
2021-03-19 10:33:04,19.406670000000002,19.203329999999998,19.10333,19.761110000000002,220.6721,221.0075,0.28551,25349.8
2021-03-19 10:34:07,19.40889,19.20833,19.11056,19.773889999999998,220.6521,221.0025,0.278995,25349.8
2021-03-19 10:35:07,19.41666,19.203329999999998,19.11833,19.77166,220.6483,220.985,0.285515,25349.8
2021-03-19 10:36:07,19.41167,19.20611,19.113329999999998,19.773889999999998,220.6183,221.0,0.278995,25349.8
2021-03-19 10:37:07,19.41167,19.20611,19.113329999999998,19.773889999999998,220.627,220.9975,0.279,25349.8
2021-03-19 10:38:07,19.41666,19.20611,19.12111,19.77166,220.5845,220.9875,0.28551,25349.8
2021-03-19 10:39:07,19.406670000000002,19.203329999999998,19.10555,19.77166,220.6446,221.005,0.27899,25349.8
2021-03-19 10:40:07,19.41945,19.21611,19.12111,19.781670000000002,220.6007,221.0025,0.28552,25349.8
2021-03-19 10:41:07,19.406670000000002,19.20833,19.11056,19.773889999999998,220.622,221.0075,0.28551,25349.8
2021-03-19 10:42:10,19.40389,19.203329999999998,19.11056,19.77666,220.637,221.01,0.27899,25349.8
2021-03-19 10:43:10,19.421670000000002,19.20833,19.12611,19.78444,220.6383,221.0175,0.27899,25349.8
2021-03-19 10:44:10,19.41666,19.20833,19.12111,19.781670000000002,220.6295,221.005,0.27298,25349.8
2021-03-19 10:45:10,19.41666,19.21611,19.12389,19.78945,220.6082,221.0063,0.285525,25349.8
2021-03-19 10:46:10,19.41945,19.20833,19.12111,19.77944,220.6508,221.0025,0.291545,25349.8
2021-03-19 10:47:13,19.41666,19.20611,19.12611,19.78945,220.5932,221.0076,0.278995,25349.8
2021-03-19 10:48:13,19.43222,19.21389,19.12389,19.781670000000002,220.6796,220.995,0.285515,25349.8
2021-03-19 10:49:13,19.42444,19.21389,19.13389,19.78945,220.5833,221.0076,0.279,25349.8
2021-03-19 10:50:13,19.42944,19.21889,19.13389,19.79222,220.5983,221.0175,0.27899,25349.8
2021-03-19 10:51:13,19.435,19.21111,19.136670000000002,19.78444,220.627,221.0125,0.278995,25349.8
2021-03-19 10:52:16,19.41945,19.21111,19.12889,19.78945,220.6571,221.0012,0.278995,25349.8
2021-03-19 10:53:16,19.435,19.22111,19.136670000000002,19.78945,220.6746,221.0025,0.28552,25349.8
2021-03-19 10:54:16,19.42944,19.22111,19.14167,19.794439999999998,220.6559,221.01,0.285515,25349.8
2021-03-19 10:55:16,19.43722,19.21111,19.13889,19.78945,220.6684,221.01,0.272975,25349.8
2021-03-19 10:56:16,19.43222,19.21389,19.13889,19.794439999999998,220.6583,221.0151,0.278995,25349.8
2021-03-19 10:57:19,19.43222,19.21389,19.14944,19.802220000000002,220.6746,221.0176,0.278995,25349.8
2021-03-19 10:58:19,19.42944,19.20833,19.136670000000002,19.78945,220.6408,221.005,0.272975,25349.8
2021-03-19 10:59:19,19.421670000000002,19.21611,19.13111,19.78945,220.6383,221.0,0.279,25349.8
2021-03-19 11:00:19,19.42944,19.22111,19.14167,19.8,220.6095,221.0112,0.27297,25349.8
2021-03-19 11:01:19,19.427220000000002,19.21111,19.13889,19.794439999999998,220.6383,221.0225,0.278995,25349.8
2021-03-19 11:02:19,19.43222,19.22111,19.14444,19.8,220.6621,221.01,0.278995,25349.8
2021-03-19 11:03:22,19.42944,19.21111,19.14444,19.797220000000003,220.6433,221.005,0.278995,25349.8
2021-03-19 11:04:22,19.43722,19.21889,19.14444,19.797220000000003,220.6395,221.0025,0.27899,25349.8
2021-03-19 11:05:22,19.442220000000002,19.21889,19.157220000000002,19.81278,220.6608,221.015,0.28552,25349.8
2021-03-19 11:06:22,19.442220000000002,19.22389,19.14944,19.805,220.6659,221.0125,0.285515,25349.8
2021-03-19 11:07:22,19.43722,19.22111,19.14944,19.805,220.6996,221.015,0.27297,25349.8
2021-03-19 11:08:22,19.44,19.21889,19.15444,19.805,220.6446,221.0025,0.285515,25349.8
2021-03-19 11:09:22,19.452779999999997,19.226670000000002,19.15444,19.805,220.6683,221.0125,0.27297,25349.8
2021-03-19 11:10:25,19.45,19.22389,19.157220000000002,19.805,220.7033,221.0,0.285515,25349.8
2021-03-19 11:11:25,19.442220000000002,19.21389,19.15222,19.81,220.6859,221.015,0.278995,25349.8
2021-03-19 11:12:25,19.43722,19.22111,19.15444,19.8,220.6921,221.0101,0.272975,25349.8
2021-03-19 11:13:25,19.442220000000002,19.21389,19.14666,19.802220000000002,220.6996,221.01,0.27898,25349.8
2021-03-19 11:14:25,19.447779999999998,19.22111,19.15444,19.80722,220.7434,221.0225,0.272975,25349.8
2021-03-19 11:15:28,19.452779999999997,19.22111,19.15944,19.81278,220.6833,221.03,0.285515,25349.8
2021-03-19 11:16:28,19.45778,19.22111,19.17,19.81778,220.7347,221.0075,0.27297,25349.8
2021-03-19 11:17:28,19.445,19.22389,19.15444,19.81,220.6796,221.0125,0.27899,25349.8
2021-03-19 11:18:28,19.442220000000002,19.226670000000002,19.165,19.81,220.6458,221.0225,0.27899,25349.8
2021-03-19 11:19:28,19.44,19.21111,19.15444,19.80722,220.6921,221.0125,0.272965,25349.8
2021-03-19 11:20:31,19.46556,19.24444,19.177770000000002,19.83556,220.6946,221.0125,0.27899,25349.8
2021-03-19 11:21:31,19.46055,19.226670000000002,19.16222,19.815,220.6721,221.02,0.27297,25349.8
2021-03-19 11:22:31,19.45555,19.22389,19.165,19.815,220.6921,221.0076,0.28551,25349.8
2021-03-19 11:23:31,19.46055,19.22389,19.16722,19.82555,220.6934,221.01,0.28552,25349.8
2021-03-19 11:24:31,19.445,19.226670000000002,19.15944,19.81278,220.7121,221.0251,0.278985,25349.8
2021-03-19 11:25:31,19.45555,19.23167,19.15944,19.81778,220.6821,221.02,0.285515,25349.8
2021-03-19 11:26:34,19.46055,19.23167,19.16222,19.815,220.6321,221.01,0.272965,25349.8
2021-03-19 11:27:34,19.452779999999997,19.226670000000002,19.16222,19.81778,220.6884,221.0276,0.27297,25349.8
2021-03-19 11:28:34,19.452779999999997,19.22389,19.16722,19.815,220.6833,221.0176,0.27899,25349.8
2021-03-19 11:29:34,19.46055,19.22889,19.17278,19.827779999999997,220.7284,221.01,0.27297,25349.8
2021-03-19 11:30:34,19.46556,19.24444,19.18555,19.830560000000002,220.6946,221.005,0.278995,25349.8
2021-03-19 11:31:34,19.45778,19.23667,19.17,19.827779999999997,220.6959,221.03,0.278995,25349.8
2021-03-19 11:32:34,19.47055,19.241670000000003,19.18555,19.83556,220.652,221.01,0.28552,25349.8
2021-03-19 11:33:37,19.476110000000002,19.24444,19.18555,19.83833,220.7096,221.0237,0.279,25349.8
2021-03-19 11:34:37,19.46556,19.23667,19.16722,19.827779999999997,220.6971,221.005,0.27899,25349.8
2021-03-19 11:35:37,19.47334,19.23667,19.175,19.827779999999997,220.6621,221.0226,0.285515,25349.8
2021-03-19 11:36:37,19.46278,19.23445,19.17278,19.822779999999998,220.7059,221.0225,0.278995,25349.8
2021-03-19 11:37:37,19.468329999999998,19.22889,19.18,19.83333,220.7272,221.015,0.285515,25349.8
2021-03-19 11:38:37,19.46278,19.23667,19.17,19.830560000000002,220.6771,221.0275,0.278995,25349.8
2021-03-19 11:39:40,19.46556,19.23445,19.18,19.827779999999997,220.7096,221.0251,0.272965,25349.8
2021-03-19 11:40:40,19.46278,19.22889,19.175,19.82555,220.7697,221.0238,0.27899,25349.8
2021-03-19 11:41:40,19.46278,19.23167,19.18555,19.830560000000002,220.731,221.02,0.278995,25349.8
2021-03-19 11:42:40,19.46556,19.22389,19.175,19.83333,220.6871,221.02,0.27899,25349.8
2021-03-19 11:43:40,19.47334,19.23667,19.18778,19.843329999999998,220.7234,221.03,0.27297,25349.8
2021-03-19 11:44:40,19.46278,19.226670000000002,19.182779999999998,19.83556,220.6921,221.02,0.27899,25349.8
2021-03-19 11:45:40,19.47334,19.23944,19.182779999999998,19.83333,220.7184,221.0225,0.27899,25349.8
2021-03-19 11:46:43,19.476110000000002,19.23667,19.18555,19.83333,220.6946,221.01,0.27297,25349.8
2021-03-19 11:47:43,19.48111,19.241670000000003,19.19056,19.84611,220.7322,221.02,0.26695,25349.8
2021-03-19 11:48:43,19.476110000000002,19.23667,19.18778,19.83556,220.7284,221.0101,0.272975,25349.8
2021-03-19 11:49:43,19.46556,19.23667,19.177770000000002,19.83556,220.6733,221.0251,0.27297,25349.8
2021-03-19 11:50:43,19.47055,19.23167,19.175,19.83556,220.7497,221.0051,0.272965,25349.8
2021-03-19 11:51:46,19.468329999999998,19.23667,19.177770000000002,19.83556,220.7059,221.0275,0.27898,25349.8
2021-03-19 11:52:46,19.476110000000002,19.241670000000003,19.19833,19.84111,220.7247,221.025,0.27297,25349.8
2021-03-19 11:53:46,19.47833,19.24444,19.18778,19.851110000000002,220.7397,221.0251,0.285515,25349.8
2021-03-19 11:54:46,19.47833,19.24444,19.19056,19.84611,220.7309,221.0251,0.27899,25349.8
2021-03-19 11:55:46,19.48111,19.23667,19.177770000000002,19.84111,220.7159,221.02,0.27297,25349.8
2021-03-19 11:56:46,19.48333,19.24944,19.20055,19.85389,220.7159,221.0275,0.285515,25349.8
2021-03-19 11:57:49,19.48333,19.24444,19.18555,19.84611,220.7246,221.0401,0.27899,25349.8
2021-03-19 11:58:49,19.47334,19.247220000000002,19.19333,19.84611,220.6834,221.0326,0.278985,25349.8
2021-03-19 11:59:49,19.488889999999998,19.247220000000002,19.19833,19.84611,220.7234,221.04,0.27297,25349.8
2021-03-19 12:00:49,19.47055,19.23944,19.18555,19.83833,220.7697,221.03,0.278985,25349.8
2021-03-19 12:01:49,19.47833,19.23944,19.19056,19.843329999999998,220.7522,221.0276,0.28551,25349.8
2021-03-19 12:02:52,19.476110000000002,19.23667,19.18555,19.83833,220.7134,221.0251,0.278985,25349.8
2021-03-19 12:03:52,19.48611,19.24444,19.19833,19.85389,220.766,221.035,0.278985,25349.8
2021-03-19 12:04:52,19.48333,19.24444,19.19556,19.848329999999997,220.7096,221.0175,0.28552,25349.8
2021-03-19 12:05:52,19.49111,19.25222,19.19556,19.851110000000002,220.7222,221.02,0.285515,25349.8
2021-03-19 12:06:52,19.49389,19.255,19.20055,19.85889,220.7271,221.0301,0.27899,25349.8
2021-03-19 12:07:52,19.49111,19.25222,19.203329999999998,19.85611,220.6896,221.025,0.285515,25349.8
2021-03-19 12:08:52,19.48611,19.247220000000002,19.19556,19.851110000000002,220.7647,221.0488,0.27297,25349.8
2021-03-19 12:09:52,19.48333,19.247220000000002,19.19556,19.84111,220.7159,221.0351,0.278995,25349.8
2021-03-19 12:10:55,19.488889999999998,19.255,19.20611,19.866670000000003,220.7522,221.0175,0.27297,25349.8
2021-03-19 12:11:55,19.49667,19.255,19.20611,19.85889,220.7222,221.0426,0.27899,25349.8
2021-03-19 12:12:55,19.49667,19.255,19.20055,19.86944,220.7522,221.0276,0.285515,25349.8
2021-03-19 12:13:55,19.48611,19.25222,19.20055,19.85611,220.7522,221.035,0.28551,25349.8
2021-03-19 12:14:55,19.48333,19.255,19.203329999999998,19.85611,220.7384,221.0451,0.27899,25349.8
2021-03-19 12:15:55,19.49667,19.24944,19.20055,19.85389,220.7447,221.0301,0.27899,25349.8
2021-03-19 12:16:58,19.488889999999998,19.25222,19.20611,19.86167,220.7622,221.0251,0.27297,25349.8
2021-03-19 12:17:58,19.49889,19.265,19.20833,19.87167,220.7246,221.0325,0.27297,25349.8
2021-03-19 12:18:58,19.49111,19.247220000000002,19.20611,19.85611,220.7247,221.0276,0.27297,25349.8
2021-03-19 12:19:58,19.48333,19.262220000000003,19.20611,19.863889999999998,220.7397,221.0551,0.27899,25349.8
2021-03-19 12:20:58,19.49111,19.255,19.20833,19.85889,220.8223,221.0251,0.285505,25349.8
2021-03-19 12:21:58,19.49389,19.25722,19.20833,19.866670000000003,220.776,221.0175,0.27297,25349.8
2021-03-19 12:22:58,19.50167,19.25722,19.21111,19.87167,220.7234,221.025,0.278995,25349.8
2021-03-19 12:24:01,19.50167,19.26,19.21611,19.86944,220.7396,221.0551,0.27899,25349.8
2021-03-19 12:25:01,19.50389,19.26778,19.21111,19.87167,220.7322,221.0351,0.278985,25349.8
2021-03-19 12:26:01,19.49667,19.25722,19.21889,19.86944,220.7272,221.03,0.272965,25349.8
2021-03-19 12:27:01,19.49389,19.262220000000003,19.203329999999998,19.86167,220.7722,221.0125,0.27899,25349.8
2021-03-19 12:28:01,19.49111,19.255,19.21111,19.866670000000003,220.7459,221.0538,0.27899,25349.8
2021-03-19 12:29:04,19.49667,19.26,19.20611,19.866670000000003,220.6984,221.025,0.266945,25349.8
2021-03-19 12:30:04,19.49667,19.262220000000003,19.21111,19.87667,220.7647,221.0201,0.278985,25349.8
2021-03-19 12:31:04,19.50167,19.25722,19.21111,19.86944,220.7259,221.0326,0.27297,25349.8
2021-03-19 12:32:04,19.50389,19.265,19.21111,19.87167,220.7572,221.0451,0.27297,25349.8
2021-03-19 12:33:04,19.50389,19.25722,19.21889,19.87444,220.8147,221.035,0.28551,25349.8
2021-03-19 12:34:04,19.50389,19.265,19.21611,19.87444,220.7872,221.0451,0.278975,25349.8
2021-03-19 12:35:04,19.50167,19.262220000000003,19.21111,19.87167,220.8198,221.04,0.285505,25349.8
2021-03-19 12:36:07,19.509439999999998,19.262220000000003,19.22111,19.87944,220.7021,221.025,0.278995,25349.8
2021-03-19 12:37:07,19.50167,19.26,19.21611,19.866670000000003,220.7472,221.0463,0.272965,25349.8
2021-03-19 12:38:07,19.49667,19.265,19.21889,19.86944,220.7647,221.03,0.27899,25349.8
2021-03-19 12:39:07,19.50167,19.262220000000003,19.21889,19.86944,220.8298,221.0376,0.27898,25349.8
2021-03-19 12:40:07,19.50667,19.262220000000003,19.22111,19.87667,220.7622,221.0338,0.27899,25349.8
2021-03-19 12:41:10,19.50389,19.26778,19.21611,19.87167,220.7898,221.04,0.285515,25349.8
2021-03-19 12:42:10,19.50667,19.262220000000003,19.226670000000002,19.88222,220.7835,221.0351,0.27899,25349.8
2021-03-19 12:43:10,19.50667,19.26778,19.226670000000002,19.88222,220.7497,221.0325,0.27297,25349.8
2021-03-19 12:44:10,19.509439999999998,19.26778,19.22111,19.88222,220.7534,221.0526,0.279,25349.8
2021-03-19 12:45:10,19.511670000000002,19.265,19.22389,19.87667,220.7672,221.0626,0.27898,25349.8
2021-03-19 12:46:10,19.509439999999998,19.27555,19.23167,19.88222,220.7647,221.0551,0.27899,25349.8
2021-03-19 12:47:13,19.511670000000002,19.27,19.22111,19.88222,220.806,221.04,0.27899,25349.8
2021-03-19 12:48:13,19.511670000000002,19.27,19.22889,19.88222,220.8047,221.02,0.28551,25349.8
2021-03-19 12:49:13,19.509439999999998,19.27,19.23167,19.88222,220.776,221.0426,0.272965,25349.8
2021-03-19 12:50:13,19.51444,19.27,19.226670000000002,19.88222,220.8047,221.0376,0.285515,25349.8
2021-03-19 12:51:13,19.511670000000002,19.272779999999997,19.23167,19.884439999999998,220.7785,221.0376,0.27297,25349.8
2021-03-19 12:52:13,19.51444,19.272779999999997,19.23167,19.88222,220.801,221.0513,0.2855,25349.8
2021-03-19 12:53:13,19.517220000000002,19.272779999999997,19.23667,19.887220000000003,220.8134,221.035,0.27297,25349.8
2021-03-19 12:54:13,19.517220000000002,19.262220000000003,19.22389,19.884439999999998,220.8123,221.035,0.28551,25349.8
2021-03-19 12:55:16,19.51945,19.27778,19.226670000000002,19.892220000000002,220.7822,221.0551,0.27898,25349.8
2021-03-19 12:56:16,19.51444,19.27,19.22389,19.887220000000003,220.8322,221.0625,0.278985,25349.8
2021-03-19 12:57:16,19.51444,19.272779999999997,19.23167,19.88222,220.7259,221.0451,0.27899,25349.8
2021-03-19 12:58:16,19.52722,19.27778,19.23667,19.89722,220.7872,221.0463,0.27899,25349.8
2021-03-19 12:59:16,19.51444,19.27555,19.23167,19.89,220.8198,221.0526,0.28551,25349.8
2021-03-19 13:00:19,19.517220000000002,19.28555,19.23944,19.895,220.8098,221.0401,0.27899,25349.8
2021-03-19 13:01:19,19.51945,19.27555,19.241670000000003,19.892220000000002,220.7771,221.0401,0.28551,25349.8
2021-03-19 13:02:19,19.51444,19.27555,19.23167,19.89,220.8198,221.0426,0.27296,25349.8
2021-03-19 13:03:19,19.52222,19.28278,19.23667,19.895,220.776,221.0876,0.291535,25349.8
2021-03-19 13:04:19,19.51444,19.27778,19.23167,19.887220000000003,220.8072,221.0451,0.285505,25349.8
2021-03-19 13:05:22,19.53,19.28833,19.25222,19.905,220.821,221.0451,0.27899,25349.8
2021-03-19 13:06:22,19.51945,19.28278,19.23944,19.895,220.8073,221.05,0.278995,25349.8
2021-03-19 13:07:22,19.52222,19.28056,19.241670000000003,19.895,220.791,221.0375,0.28552,25349.8
2021-03-19 13:08:22,19.509439999999998,19.27,19.226670000000002,19.87667,220.8498,221.0376,0.27898,25349.8
2021-03-19 13:09:22,19.52222,19.27778,19.24444,19.895,220.8072,221.0626,0.278985,25349.8
2021-03-19 13:10:25,19.52444,19.28555,19.24444,19.89722,220.7772,221.0426,0.27899,25349.8
2021-03-19 13:11:25,19.52222,19.27778,19.23667,19.884439999999998,220.8348,221.0801,0.27899,25349.8
2021-03-19 13:12:25,19.532220000000002,19.28555,19.23667,19.90278,220.796,221.0601,0.28552,25349.8
2021-03-19 13:13:25,19.52722,19.28833,19.24444,19.89722,220.8135,221.0676,0.27899,25349.8
2021-03-19 13:14:25,19.51945,19.28555,19.241670000000003,19.89722,220.8336,221.0526,0.285515,25349.8
2021-03-19 13:15:25,19.52722,19.28278,19.241670000000003,19.89722,220.821,221.0476,0.28551,25349.8
2021-03-19 13:16:25,19.51945,19.28555,19.241670000000003,19.9,220.7985,221.0451,0.285515,25349.8
2021-03-19 13:17:25,19.532220000000002,19.28555,19.23944,19.895,220.8197,221.0526,0.29756,25349.8
2021-03-19 13:18:28,19.52222,19.28278,19.241670000000003,19.895,220.8611,221.0588,0.285505,25349.8
2021-03-19 13:19:28,19.537779999999998,19.29055,19.247220000000002,19.905,220.8098,221.0551,0.27899,25349.8
2021-03-19 13:20:28,19.52722,19.28278,19.24444,19.9,220.816,221.0651,0.285505,25349.8
2021-03-19 13:21:28,19.532220000000002,19.28555,19.23667,19.895,220.8148,221.0601,0.285505,25349.8
2021-03-19 13:22:28,19.52722,19.28555,19.23167,19.89,220.8172,221.0526,0.285505,25349.8
2021-03-19 13:23:31,19.537779999999998,19.29055,19.23445,19.895,220.7847,221.0625,0.28551,25349.8
2021-03-19 13:24:31,19.535,19.29833,19.23944,19.9,220.816,221.0451,0.278985,25349.8
2021-03-19 13:25:31,19.52722,19.28833,19.23167,19.887220000000003,220.8097,221.0376,0.285515,25349.8
2021-03-19 13:26:31,19.52444,19.296110000000002,19.23445,19.89,220.8147,221.045,0.28551,25349.8
2021-03-19 13:27:31,19.53,19.28833,19.22111,19.884439999999998,220.7885,221.03,0.291535,25349.8
2021-03-19 13:28:31,19.52444,19.28555,19.22111,19.88222,220.8135,221.0751,0.28551,25349.8
2021-03-19 13:29:34,19.532220000000002,19.296110000000002,19.23944,19.89722,220.8548,221.0325,0.29155,25349.8
2021-03-19 13:30:34,19.532220000000002,19.296110000000002,19.23445,19.895,220.8022,221.0601,0.285515,25349.8
2021-03-19 13:31:34,19.53,19.296110000000002,19.23667,19.892220000000002,220.8122,221.0526,0.28551,25349.8
2021-03-19 13:32:34,19.53,19.29055,19.23944,19.895,220.8123,221.0551,0.285515,25349.8
2021-03-19 13:33:34,19.52722,19.28056,19.23167,19.884439999999998,220.8085,221.0701,0.291535,25349.8
2021-03-19 13:34:34,19.53,19.29833,19.241670000000003,19.90278,220.8523,221.0626,0.291535,25349.8
2021-03-19 13:35:34,19.537779999999998,19.29055,19.23944,19.89722,220.8273,221.0751,0.28551,25349.8
2021-03-19 13:36:34,19.53,19.30111,19.241670000000003,19.90778,220.806,221.0677,0.285515,25349.8
2021-03-19 13:37:37,19.52722,19.28833,19.23667,19.895,220.8022,221.0526,0.29755,25349.8
2021-03-19 13:38:37,19.52444,19.28555,19.23667,19.89722,220.8711,221.0651,0.27899,25349.8
2021-03-19 13:39:37,19.52222,19.28555,19.23944,19.89,220.8598,221.0551,0.28552,25349.8
2021-03-19 13:40:37,19.532220000000002,19.293329999999997,19.247220000000002,19.905,220.811,221.0426,0.28551,25349.8
2021-03-19 13:41:37,19.535,19.293329999999997,19.25222,19.90278,220.8222,221.0463,0.27899,25349.8
2021-03-19 13:42:37,19.532220000000002,19.296110000000002,19.23667,19.90278,220.8398,221.06,0.297555,25349.8
2021-03-19 13:43:40,19.532220000000002,19.293329999999997,19.26,19.91055,220.8373,221.0576,0.279,25349.8
2021-03-19 13:44:40,19.53,19.30111,19.247220000000002,19.90278,220.8298,221.0576,0.28551,25349.8
2021-03-19 13:45:40,19.537779999999998,19.30111,19.24444,19.905,220.8549,221.0526,0.285515,25349.8
2021-03-19 13:46:40,19.53,19.296110000000002,19.241670000000003,19.90778,220.8674,221.0676,0.28551,25349.8
2021-03-19 13:47:40,19.537779999999998,19.29055,19.24444,19.9,220.8473,221.0751,0.27899,25349.8
2021-03-19 13:48:40,19.52444,19.293329999999997,19.23944,19.9,220.8861,221.0726,0.27898,25349.8
2021-03-19 13:49:43,19.532220000000002,19.29833,19.241670000000003,19.895,220.8648,221.0526,0.28551,25349.8
2021-03-19 13:50:43,19.55056,19.308889999999998,19.25722,19.91555,220.8748,221.0476,0.291535,25349.8
2021-03-19 13:51:43,19.537779999999998,19.29833,19.25222,19.912779999999998,220.8586,221.0576,0.285515,25349.8
2021-03-19 13:52:43,19.54,19.29833,19.25722,19.91778,220.8636,221.0388,0.27297,25349.8
2021-03-19 13:53:43,19.535,19.296110000000002,19.25222,19.91055,220.8861,221.0776,0.285505,25349.8
2021-03-19 13:54:43,19.53,19.29055,19.255,19.905,220.8474,221.0551,0.29153,25349.8
2021-03-19 13:55:43,19.54778,19.30611,19.255,19.91778,220.8786,221.065,0.27899,25349.8
2021-03-19 13:56:46,19.54778,19.308889999999998,19.262220000000003,19.91778,220.8348,221.0751,0.28551,25349.8
2021-03-19 13:57:46,19.545,19.308889999999998,19.26,19.91778,220.8949,221.0776,0.27898,25349.8
2021-03-19 13:58:46,19.537779999999998,19.30389,19.255,19.91555,220.8048,221.0601,0.285515,25349.8
2021-03-19 13:59:46,19.54278,19.31111,19.262220000000003,19.92834,220.8535,221.0726,0.29153,25349.8
2021-03-19 14:00:46,19.55278,19.31389,19.272779999999997,19.933329999999998,220.8648,221.0801,0.285515,25349.8
2021-03-19 14:01:46,19.54,19.31111,19.272779999999997,19.920560000000002,220.8624,221.0651,0.272965,25349.8
2021-03-19 14:02:46,19.54278,19.30389,19.262220000000003,19.92333,220.8248,221.0776,0.28551,25349.8
2021-03-19 14:03:47,19.54778,19.31389,19.27,19.92834,220.8448,221.0838,0.28551,25349.8
2021-03-19 14:04:47,19.54278,19.30611,19.26778,19.91055,220.8774,221.0626,0.29154,25349.8
2021-03-19 14:05:47,19.54,19.30111,19.24944,19.912779999999998,220.8111,221.0676,0.291535,25349.8
2021-03-19 14:06:47,19.54,19.29833,19.241670000000003,19.90278,220.8248,221.0801,0.285515,25349.8
2021-03-19 14:07:47,19.535,19.31666,19.24944,19.90778,220.801,221.0575,0.291535,25349.8
2021-03-19 14:08:47,19.54778,19.308889999999998,19.24944,19.90778,220.8198,221.0525,0.27899,25349.8
2021-03-19 14:09:47,19.54,19.29833,19.241670000000003,19.895,220.7972,221.0751,0.285515,25349.8
2021-03-19 14:10:47,19.54278,19.31111,19.25222,19.912779999999998,220.8235,221.0876,0.28551,25349.8
2021-03-19 14:11:47,19.545,19.31389,19.24444,19.90778,220.8248,221.0551,0.285515,25349.8
2021-03-19 14:12:47,19.54278,19.31111,19.247220000000002,19.90778,220.811,221.0676,0.27899,25349.8
2021-03-19 14:13:47,19.54,19.31389,19.25722,19.91778,220.8423,221.0676,0.285515,25349.8
2021-03-19 14:14:47,19.55278,19.32166,19.26778,19.92555,220.831,221.0676,0.27899,25349.8
2021-03-19 14:15:47,19.55278,19.31389,19.262220000000003,19.91778,220.8248,221.0751,0.27899,25349.8
2021-03-19 14:16:47,19.545,19.31389,19.26778,19.92555,220.8348,221.0876,0.28551,25349.8
2021-03-19 14:17:47,19.545,19.31111,19.26778,19.92834,220.8398,221.0901,0.291535,25349.8
